date,waterbody,site,length,mass
6/28/2018,Susquehanna River,Cooperstown Dam,30.88,7.18
6/28/2018,Susquehanna River,Cooperstown Dam,31.18,6.85
6/28/2018,Susquehanna River,Cooperstown Dam,31.15,6.75
6/28/2018,Susquehanna River,Cooperstown Dam,29.28,6.46
6/28/2018,Susquehanna River,Cooperstown Dam,28.31,6.14
6/28/2018,Susquehanna River,Cooperstown Dam,30.55,5.99
6/28/2018,Susquehanna River,Cooperstown Dam,27.15,5.58
6/28/2018,Susquehanna River,Cooperstown Dam,28.83,4.95
6/28/2018,Susquehanna River,Cooperstown Dam,27,4.85
6/28/2018,Susquehanna River,Cooperstown Dam,28.65,4.81
6/28/2018,Susquehanna River,Cooperstown Dam,27.29,4.57
6/28/2018,Susquehanna River,Cooperstown Dam,28.44,4.5
6/28/2018,Susquehanna River,Cooperstown Dam,25.75,4.19
6/28/2018,Susquehanna River,Cooperstown Dam,25.79,4
6/28/2018,Susquehanna River,Cooperstown Dam,23.64,3.41
6/28/2018,Susquehanna River,Cooperstown Dam,24.27,3.34
6/28/2018,Susquehanna River,Cooperstown Dam,24.34,2.94
6/28/2018,Susquehanna River,Cooperstown Dam,24.17,2.91
6/28/2018,Susquehanna River,Cooperstown Dam,23.07,2.9
6/28/2018,Susquehanna River,Cooperstown Dam,22.35,2.85
6/28/2018,Susquehanna River,Cooperstown Dam,21.82,2.82
6/28/2018,Susquehanna River,Cooperstown Dam,21.67,2.78
6/28/2018,Susquehanna River,Cooperstown Dam,21.17,2.75
6/28/2018,Susquehanna River,Cooperstown Dam,22.07,2.55
6/28/2018,Susquehanna River,Cooperstown Dam,21.73,2.54
6/28/2018,Susquehanna River,Cooperstown Dam,21.61,2.42
6/28/2018,Susquehanna River,Cooperstown Dam,20.63,2.29
6/28/2018,Susquehanna River,Cooperstown Dam,21.54,2.23
6/28/2018,Susquehanna River,Cooperstown Dam,21.69,2.22
6/28/2018,Susquehanna River,Cooperstown Dam,20.24,2.19
6/28/2018,Susquehanna River,Cooperstown Dam,20.55,2.16
6/28/2018,Susquehanna River,Cooperstown Dam,21.22,2.15
6/28/2018,Susquehanna River,Cooperstown Dam,20.28,2.14
6/28/2018,Susquehanna River,Cooperstown Dam,21.12,2.12
6/28/2018,Susquehanna River,Cooperstown Dam,21.3,2.09
6/28/2018,Susquehanna River,Cooperstown Dam,20.77,2.08
6/28/2018,Susquehanna River,Cooperstown Dam,21.57,2.05
6/28/2018,Susquehanna River,Cooperstown Dam,21.29,2.03
6/28/2018,Susquehanna River,Cooperstown Dam,20.72,2.01
6/28/2018,Susquehanna River,Cooperstown Dam,21.24,1.96
6/28/2018,Susquehanna River,Cooperstown Dam,20.92,1.93
6/28/2018,Susquehanna River,Cooperstown Dam,21.54,1.92
6/28/2018,Susquehanna River,Cooperstown Dam,19.22,1.92
6/28/2018,Susquehanna River,Cooperstown Dam,20.48,1.91
6/28/2018,Susquehanna River,Cooperstown Dam,19.51,1.88
6/28/2018,Susquehanna River,Cooperstown Dam,20.6,1.86
6/28/2018,Susquehanna River,Cooperstown Dam,19.51,1.86
6/28/2018,Susquehanna River,Cooperstown Dam,18.89,1.8
6/28/2018,Susquehanna River,Cooperstown Dam,19.44,1.71
6/28/2018,Susquehanna River,Cooperstown Dam,18.61,1.7
6/28/2018,Susquehanna River,Cooperstown Dam,18.77,1.6
6/28/2018,Susquehanna River,Cooperstown Dam,19.18,1.57
6/28/2018,Susquehanna River,Cooperstown Dam,19.5,1.54
6/28/2018,Susquehanna River,Cooperstown Dam,19.44,1.5
6/28/2018,Susquehanna River,Cooperstown Dam,18.85,1.49
6/28/2018,Susquehanna River,Cooperstown Dam,18.96,1.44
6/28/2018,Susquehanna River,Cooperstown Dam,17.5,1.37
6/28/2018,Susquehanna River,Cooperstown Dam,17.61,1.33
6/28/2018,Susquehanna River,Cooperstown Dam,17.6,1.26
6/28/2018,Susquehanna River,Cooperstown Dam,17.77,1.22
6/28/2018,Susquehanna River,Cooperstown Dam,17.02,1.2
6/28/2018,Susquehanna River,Cooperstown Dam,17.42,1.19
6/28/2018,Susquehanna River,Cooperstown Dam,17.49,1.18
6/28/2018,Susquehanna River,Cooperstown Dam,16.76,1.11
6/28/2018,Susquehanna River,Cooperstown Dam,16.42,1.08
6/28/2018,Susquehanna River,Cooperstown Dam,15.83,0.97
6/28/2018,Susquehanna River,Cooperstown Dam,16.4,0.95
6/28/2018,Susquehanna River,Cooperstown Dam,16.07,0.91
6/28/2018,Susquehanna River,Cooperstown Dam,14.54,0.85
6/28/2018,Susquehanna River,Cooperstown Dam,14.94,0.83
6/28/2018,Susquehanna River,Cooperstown Dam,15.02,0.75
6/28/2018,Susquehanna River,Cooperstown Dam,14.5,0.75
6/28/2018,Susquehanna River,Cooperstown Dam,14.06,0.71
6/28/2018,Susquehanna River,Cooperstown Dam,14.37,0.66
6/28/2018,Susquehanna River,Cooperstown Dam,13.82,0.66
6/28/2018,Susquehanna River,Cooperstown Dam,14.19,0.62
6/28/2018,Susquehanna River,Cooperstown Dam,14.8,0.6
6/28/2018,Susquehanna River,Cooperstown Dam,14.55,0.59
6/28/2018,Susquehanna River,Cooperstown Dam,13.08,0.59
6/28/2018,Susquehanna River,Cooperstown Dam,13.27,0.56
6/28/2018,Susquehanna River,Cooperstown Dam,13.03,0.53
6/28/2018,Susquehanna River,Cooperstown Dam,12.2,0.48
6/28/2018,Susquehanna River,Cooperstown Dam,12.43,0.45
6/28/2018,Susquehanna River,Cooperstown Dam,11.9,0.43
6/28/2018,Susquehanna River,Cooperstown Dam,6.39,0.05
6/29/2018,Susquehanna River,Colliersville,42.21,16.53
6/29/2018,Susquehanna River,Colliersville,38.45,12.62
6/29/2018,Otego Creek,Route 23,37.4,12.52
6/29/2018,Susquehanna River,Colliersville,36.04,11.7
6/29/2018,Otego Creek,Route 23,34.99,10.63
6/29/2018,Susquehanna River,Colliersville,35.19,9.65
6/29/2018,Susquehanna River,Colliersville,34.33,9.24
6/29/2018,Susquehanna River,Colliersville,33.54,8.91
6/29/2018,Otego Creek,Route 23,34.53,8.75
6/29/2018,Susquehanna River,Colliersville,32.06,8.41
6/29/2018,Susquehanna River,Colliersville,32.34,8.25
6/29/2018,Susquehanna River,Colliersville,33.05,8.02
6/29/2018,Otego Creek,Route 23,34.29,7.99
6/29/2018,Susquehanna River,Colliersville,32.03,7.78
6/29/2018,Susquehanna River,Colliersville,31.68,7.59
6/29/2018,Susquehanna River,Colliersville,31.08,7.42
6/29/2018,Susquehanna River,Colliersville,29.84,6.54
6/29/2018,Susquehanna River,Colliersville,30.02,6.53
6/29/2018,Susquehanna River,Colliersville,29.64,6.32
6/29/2018,Susquehanna River,Colliersville,29.31,5.97
6/29/2018,Susquehanna River,Colliersville,30.34,5.94
6/29/2018,Susquehanna River,Colliersville,29.39,5.89
6/29/2018,Otego Creek,Route 23,29.86,5.89
6/29/2018,Susquehanna River,Colliersville,28.81,5.86
6/29/2018,Susquehanna River,Colliersville,29.59,5.85
6/29/2018,Susquehanna River,Colliersville,28.36,5.82
6/29/2018,Susquehanna River,Colliersville,26.94,5.13
6/29/2018,Susquehanna River,Colliersville,27.89,4.95
6/29/2018,Susquehanna River,Colliersville,20.53,4.94
6/29/2018,Susquehanna River,Colliersville,28.24,4.84
6/29/2018,Otego Creek,Route 23,27.08,4.81
6/29/2018,Susquehanna River,Colliersville,26.95,4.73
6/29/2018,Susquehanna River,Colliersville,26.31,4.4
6/29/2018,Susquehanna River,Colliersville,25.37,4.07
6/29/2018,Susquehanna River,Colliersville,25.8,4.06
6/29/2018,Otego Creek,Route 23,24.98,3.99
6/29/2018,Susquehanna River,Colliersville,25.36,3.91
6/29/2018,Susquehanna River,Colliersville,24.13,3.89
6/29/2018,Susquehanna River,Colliersville,25.88,3.83
6/29/2018,Susquehanna River,Colliersville,25.33,3.82
6/29/2018,Otego Creek,Route 23,23.7,3.79
6/29/2018,Otego Creek,Route 23,26.95,3.76
6/29/2018,Otego Creek,Route 23,27.63,3.71
6/29/2018,Susquehanna River,Colliersville,24.84,3.6
6/29/2018,Susquehanna River,Colliersville,24.5,3.47
6/29/2018,Susquehanna River,Colliersville,35.12,3.45
6/29/2018,Susquehanna River,Colliersville,24.7,3.39
6/29/2018,Otego Creek,Route 23,24.65,3.38
6/29/2018,Susquehanna River,Colliersville,23.77,3.35
6/29/2018,Susquehanna River,Colliersville,24.93,3.27
6/29/2018,Susquehanna River,Colliersville,21.02,3.21
6/29/2018,Otego Creek,Route 23,23.8,3.09
6/29/2018,Otego Creek,Route 23,24.06,2.97
6/29/2018,Susquehanna River,Colliersville,24.26,2.95
6/29/2018,Otego Creek,Route 23,23.84,2.82
6/29/2018,Susquehanna River,Colliersville,23.37,2.74
6/29/2018,Otego Creek,Route 23,23.97,2.68
6/29/2018,Susquehanna River,Colliersville,24.4,2.67
6/29/2018,Susquehanna River,Colliersville,22.19,2.64
6/29/2018,Otego Creek,Route 23,21.86,2.5
6/29/2018,Otego Creek,Route 23,24.27,2.49
6/29/2018,Susquehanna River,Colliersville,20.83,2.28
6/29/2018,Susquehanna River,Colliersville,21.61,2.25
6/29/2018,Susquehanna River,Colliersville,21.01,2.22
6/29/2018,Susquehanna River,Colliersville,21.09,2.16
6/29/2018,Susquehanna River,Colliersville,20.92,2.16
6/29/2018,Susquehanna River,Colliersville,20.74,2.15
6/29/2018,Susquehanna River,Colliersville,20.96,2.09
6/29/2018,Otego Creek,Route 23,21.91,2.09
6/29/2018,Susquehanna River,Colliersville,20.54,1.89
6/29/2018,Susquehanna River,Colliersville,20.11,1.84
6/29/2018,Otego Creek,Route 23,21.09,1.82
6/29/2018,Susquehanna River,Colliersville,20.14,1.76
6/29/2018,Susquehanna River,Colliersville,19.69,1.76
6/29/2018,Otego Creek,Route 23,18.37,1.5
6/29/2018,Susquehanna River,Colliersville,18.72,1.48
6/29/2018,Susquehanna River,Colliersville,19.42,1.33
6/29/2018,Otego Creek,Route 23,17.03,1
6/29/2018,Otego Creek,Route 23,15.87,0.79
7/9/2018,Butternut Creek,Bailey Road,31.91,6.78
7/9/2018,Butternut Creek,Bailey Road,27.79,4.83
7/9/2018,Butternut Creek,Bailey Road,27.02,4.68
7/9/2018,Butternut Creek,Bailey Road,23.07,3.51
7/9/2018,Butternut Creek,Bailey Road,23.67,3.43
7/9/2018,Butternut Creek,Bailey Road,25.49,3.34
7/9/2018,Butternut Creek,Bailey Road,24.45,3.15
7/9/2018,Butternut Creek,Bailey Road,23.3,2.93
7/9/2018,Butternut Creek,Bailey Road,22.32,2.49
7/9/2018,Butternut Creek,Bailey Road,21.88,2.25
7/9/2018,Butternut Creek,Bailey Road,21.41,1.78
7/9/2018,Butternut Creek,Bailey Road,16.55,0.91
7/9/2018,Butternut Creek,Bailey Road,9.77,0.18
7/9/2018,Butternut Creek,Bailey Road,8.99,0.12
7/9/2018,Butternut Creek,Bailey Road,8.87,0.12
7/9/2018,Butternut Creek,Bailey Road,8.74,0.11
7/9/2018,Butternut Creek,Bailey Road,8.04,0.1
7/9/2018,Butternut Creek,Bailey Road,7.9,0.08
7/9/2018,Butternut Creek,Bailey Road,7.56,0.07
7/9/2018,Butternut Creek,Bailey Road,7.25,0.06
7/12/2018,Wharton Creek,Route 80,39.67,16.68
7/12/2018,Wharton Creek,Route 80,35.33,11.94
7/12/2018,Wharton Creek,Route 80,35.25,11.51
7/12/2018,Wharton Creek,Route 80,35.12,10.37
7/12/2018,Wharton Creek,Route 80,34.18,10.29
7/12/2018,Wharton Creek,Route 80,33.91,10
7/12/2018,Wharton Creek,Route 80,31.71,9.27
7/12/2018,Wharton Creek,Route 80,32.2,9.15
7/12/2018,Wharton Creek,Route 80,32.26,8.15
7/12/2018,Wharton Creek,Route 80,30.98,7.76
7/12/2018,Wharton Creek,Route 80,31.45,7.56
7/12/2018,Wharton Creek,Route 80,31.54,7.48
7/12/2018,Wharton Creek,Route 80,29.97,7.26
7/12/2018,Wharton Creek,Route 80,29.82,6.98
7/12/2018,Wharton Creek,Route 80,29.09,6.66
7/12/2018,Wharton Creek,Route 80,29.29,6.49
7/12/2018,Wharton Creek,Route 80,29.28,5.97
7/12/2018,Wharton Creek,Route 80,28.61,5.84
7/12/2018,Wharton Creek,Route 80,28.32,5.67
7/12/2018,Wharton Creek,Route 80,28.43,5.6
7/12/2018,Wharton Creek,Route 80,27.84,5.45
7/12/2018,Wharton Creek,Route 80,27.56,5.2
7/12/2018,Wharton Creek,Route 80,26.77,5.18
7/12/2018,Wharton Creek,Route 80,27.94,5.16
7/12/2018,Wharton Creek,Route 80,28.66,5.12
7/12/2018,Wharton Creek,Route 80,27.05,4.94
7/12/2018,Wharton Creek,Route 80,26.58,4.85
7/12/2018,Wharton Creek,Route 80,25.84,4.79
7/12/2018,Wharton Creek,Route 80,25.02,4.39
7/12/2018,Wharton Creek,Route 80,26.26,4.01
7/12/2018,Wharton Creek,Route 80,24.75,3.54
7/12/2018,Wharton Creek,Route 80,24.51,3.46
7/12/2018,Wharton Creek,Route 80,23.86,3.43
7/12/2018,Wharton Creek,Route 80,23.91,3.36
7/12/2018,Wharton Creek,Route 80,25.04,3.32
7/12/2018,Wharton Creek,Route 80,23.73,3.21
7/12/2018,Wharton Creek,Route 80,22.1,3.1
7/12/2018,Wharton Creek,Route 80,23.41,3.04
7/12/2018,Wharton Creek,Route 80,22.98,2.9
7/12/2018,Wharton Creek,Route 80,23.82,2.88
7/12/2018,Wharton Creek,Route 80,22.42,2.77
7/12/2018,Wharton Creek,Route 80,22.42,2.71
7/12/2018,Wharton Creek,Route 80,22.82,2.68
7/12/2018,Wharton Creek,Route 80,24.43,2.57
7/12/2018,Wharton Creek,Route 80,21.38,2.55
7/12/2018,Wharton Creek,Route 80,24.91,2.54
7/12/2018,Wharton Creek,Route 80,21.08,2.51
7/12/2018,Wharton Creek,Route 80,22.04,2.47
7/12/2018,Wharton Creek,Route 80,21.97,2.46
7/12/2018,Wharton Creek,Route 80,21.49,2.42
7/12/2018,Wharton Creek,Route 80,21.25,2.31
7/12/2018,Wharton Creek,Route 80,21.33,2.27
7/12/2018,Wharton Creek,Route 80,21.08,2.27
7/12/2018,Wharton Creek,Route 80,21.33,2.25
7/12/2018,Wharton Creek,Route 80,20.96,2.21
7/12/2018,Wharton Creek,Route 80,20.33,2.13
7/12/2018,Wharton Creek,Route 80,20.8,1.96
7/12/2018,Wharton Creek,Route 80,19.8,1.93
7/12/2018,Wharton Creek,Route 80,20.52,1.91
7/12/2018,Wharton Creek,Route 80,19.11,1.76
7/12/2018,Wharton Creek,Route 80,19.08,1.64
7/12/2018,Wharton Creek,Route 80,18.83,1.61
7/12/2018,Wharton Creek,Route 80,18.31,1.51
7/12/2018,Wharton Creek,Route 80,18.27,1.49
7/12/2018,Wharton Creek,Route 80,17.76,1.42
7/12/2018,Wharton Creek,Route 80,18.15,1.24
7/12/2018,Wharton Creek,Route 80,9.53,0.18
7/12/2018,Wharton Creek,Route 80,9.37,0.18
7/12/2018,Wharton Creek,Route 80,9.71,0.17
7/12/2018,Wharton Creek,Route 80,8.32,0.11
7/12/2018,Wharton Creek,Route 80,7.89,0.1
7/12/2018,Wharton Creek,Route 80,6.91,0.06
7/20/2018,Susquehanna River,Fortin Park,41.72,17.52
7/20/2018,Charlotte Creek,Fortin Park,38.96,15.08
7/20/2018,Susquehanna River,Fortin Park,38.05,14.28
7/20/2018,Charlotte Creek,Fortin Park,37.56,13.78
7/20/2018,Charlotte Creek,Fortin Park,40.08,13.39
7/20/2018,Susquehanna River,Fortin Park,37.86,12.72
7/20/2018,Susquehanna River,Fortin Park,34.94,11.84
7/20/2018,Charlotte Creek,Fortin Park,37.14,11.79
7/20/2018,Susquehanna River,Fortin Park,36.05,11.66
7/20/2018,Charlotte Creek,Fortin Park,36.24,11.56
7/20/2018,Charlotte Creek,Fortin Park,35.87,11.44
7/20/2018,Susquehanna River,Fortin Park,34.45,10.89
7/20/2018,Charlotte Creek,Fortin Park,33.74,10.46
7/20/2018,Charlotte Creek,Fortin Park,34.25,10.03
7/20/2018,Charlotte Creek,Fortin Park,35.07,10.01
7/20/2018,Charlotte Creek,Fortin Park,34.68,9.94
7/20/2018,Charlotte Creek,Fortin Park,34.45,9.83
7/20/2018,Susquehanna River,Fortin Park,32.93,9.65
7/20/2018,Charlotte Creek,Fortin Park,32.07,9.22
7/20/2018,Charlotte Creek,Fortin Park,33.75,8.6
7/20/2018,Charlotte Creek,Fortin Park,32.38,8.15
7/20/2018,Charlotte Creek,Fortin Park,32.12,7.73
7/20/2018,Susquehanna River,Fortin Park,30.6,7.45
7/20/2018,Charlotte Creek,Fortin Park,31.24,7.38
7/20/2018,Susquehanna River,Fortin Park,30.91,7.21
7/20/2018,Susquehanna River,Fortin Park,30.93,7
7/20/2018,Susquehanna River,Fortin Park,27.67,6.98
7/20/2018,Susquehanna River,Fortin Park,30.05,6.85
7/20/2018,Charlotte Creek,Fortin Park,30.51,6.81
7/20/2018,Charlotte Creek,Fortin Park,29.98,6.7
7/20/2018,Charlotte Creek,Fortin Park,30.75,6.5
7/20/2018,Susquehanna River,Fortin Park,29.23,6.17
7/20/2018,Susquehanna River,Fortin Park,27.87,6
7/20/2018,Susquehanna River,Fortin Park,29.41,5.97
7/20/2018,Susquehanna River,Fortin Park,28.04,5.74
7/20/2018,Susquehanna River,Fortin Park,28.13,5.73
7/20/2018,Charlotte Creek,Fortin Park,28.93,5.62
7/20/2018,Charlotte Creek,Fortin Park,27.64,5.54
7/20/2018,Susquehanna River,Fortin Park,26.52,5.38
7/20/2018,Susquehanna River,Fortin Park,27.92,5.18
7/20/2018,Susquehanna River,Fortin Park,26.61,5.14
7/20/2018,Susquehanna River,Fortin Park,26.68,5.06
7/20/2018,Charlotte Creek,Fortin Park,27.67,4.93
7/20/2018,Susquehanna River,Fortin Park,26.48,4.86
7/20/2018,Charlotte Creek,Fortin Park,26.03,4.78
7/20/2018,Susquehanna River,Fortin Park,25.85,4.76
7/20/2018,Susquehanna River,Fortin Park,25.48,4.76
7/20/2018,Susquehanna River,Fortin Park,26.37,4.72
7/20/2018,Susquehanna River,Fortin Park,25.5,4.68
7/20/2018,Charlotte Creek,Fortin Park,26.82,4.66
7/20/2018,Charlotte Creek,Fortin Park,26.13,4.65
7/20/2018,Susquehanna River,Fortin Park,27.02,4.51
7/20/2018,Susquehanna River,Fortin Park,25.64,4.46
7/20/2018,Charlotte Creek,Fortin Park,26.27,4.45
7/20/2018,Susquehanna River,Fortin Park,24.8,4.36
7/20/2018,Charlotte Creek,Fortin Park,25.56,4.22
7/20/2018,Susquehanna River,Fortin Park,25.92,4.21
7/20/2018,Susquehanna River,Fortin Park,25.99,4.2
7/20/2018,Charlotte Creek,Fortin Park,25.99,4.1
7/20/2018,Charlotte Creek,Fortin Park,26.66,4.09
7/20/2018,Charlotte Creek,Fortin Park,26.19,4.06
7/20/2018,Susquehanna River,Fortin Park,24.64,4.06
7/20/2018,Susquehanna River,Fortin Park,24.54,3.92
7/20/2018,Charlotte Creek,Fortin Park,24.41,3.87
7/20/2018,Susquehanna River,Fortin Park,24.75,3.85
7/20/2018,Susquehanna River,Fortin Park,25.98,3.82
7/20/2018,Charlotte Creek,Fortin Park,25.06,3.79
7/20/2018,Susquehanna River,Fortin Park,23.07,3.79
7/20/2018,Charlotte Creek,Fortin Park,25.52,3.77
7/20/2018,Susquehanna River,Fortin Park,23.54,3.72
7/20/2018,Susquehanna River,Fortin Park,25.19,3.69
7/20/2018,Susquehanna River,Fortin Park,24.84,3.66
7/20/2018,Susquehanna River,Fortin Park,24.85,3.63
7/20/2018,Charlotte Creek,Fortin Park,24.57,3.62
7/20/2018,Charlotte Creek,Fortin Park,25,3.59
7/20/2018,Charlotte Creek,Fortin Park,24.72,3.51
7/20/2018,Charlotte Creek,Fortin Park,24.69,3.49
7/20/2018,Susquehanna River,Fortin Park,23.5,3.46
7/20/2018,Susquehanna River,Fortin Park,24,3.45
7/20/2018,Susquehanna River,Fortin Park,23.37,3.42
7/20/2018,Susquehanna River,Fortin Park,24.06,3.39
7/20/2018,Charlotte Creek,Fortin Park,24.94,3.32
7/20/2018,Susquehanna River,Fortin Park,21.74,3.3
7/20/2018,Charlotte Creek,Fortin Park,23.82,3.27
7/20/2018,Susquehanna River,Fortin Park,22.04,3.07
7/20/2018,Susquehanna River,Fortin Park,23.12,3.06
7/20/2018,Charlotte Creek,Fortin Park,24.57,3.04
7/20/2018,Susquehanna River,Fortin Park,23.42,3.04
7/20/2018,Susquehanna River,Fortin Park,23.05,3.04
7/20/2018,Susquehanna River,Fortin Park,24.1,2.96
7/20/2018,Charlotte Creek,Fortin Park,23.38,2.95
7/20/2018,Susquehanna River,Fortin Park,22.78,2.85
7/20/2018,Susquehanna River,Fortin Park,22.34,2.85
7/20/2018,Charlotte Creek,Fortin Park,22.56,2.81
7/20/2018,Charlotte Creek,Fortin Park,22.46,2.77
7/20/2018,Susquehanna River,Fortin Park,22.27,2.77
7/20/2018,Charlotte Creek,Fortin Park,22.7,2.76
7/20/2018,Charlotte Creek,Fortin Park,22.58,2.7
7/20/2018,Charlotte Creek,Fortin Park,22.01,2.7
7/20/2018,Charlotte Creek,Fortin Park,22.45,2.66
7/20/2018,Susquehanna River,Fortin Park,28.98,2.64
7/20/2018,Charlotte Creek,Fortin Park,22.27,2.6
7/20/2018,Charlotte Creek,Fortin Park,23.07,2.59
7/20/2018,Charlotte Creek,Fortin Park,23.16,2.58
7/20/2018,Charlotte Creek,Fortin Park,22.67,2.56
7/20/2018,Charlotte Creek,Fortin Park,22.05,2.54
7/20/2018,Charlotte Creek,Fortin Park,21.64,2.48
7/20/2018,Charlotte Creek,Fortin Park,20.95,2.48
7/20/2018,Susquehanna River,Fortin Park,22.71,2.47
7/20/2018,Charlotte Creek,Fortin Park,21.94,2.45
7/20/2018,Susquehanna River,Fortin Park,21.86,2.45
7/20/2018,Charlotte Creek,Fortin Park,21.72,2.41
7/20/2018,Charlotte Creek,Fortin Park,21.9,2.4
7/20/2018,Charlotte Creek,Fortin Park,21.53,2.4
7/20/2018,Susquehanna River,Fortin Park,21.12,2.4
7/20/2018,Susquehanna River,Fortin Park,21.59,2.32
7/20/2018,Charlotte Creek,Fortin Park,21.49,2.3
7/20/2018,Charlotte Creek,Fortin Park,21.64,2.29
7/20/2018,Charlotte Creek,Fortin Park,21.72,2.28
7/20/2018,Charlotte Creek,Fortin Park,18.81,2.21
7/20/2018,Susquehanna River,Fortin Park,19.88,2.09
7/20/2018,Charlotte Creek,Fortin Park,20.83,2.07
7/20/2018,Susquehanna River,Fortin Park,19.53,2.06
7/20/2018,Susquehanna River,Fortin Park,19.55,2.04
7/20/2018,Charlotte Creek,Fortin Park,21.33,2.03
7/20/2018,Charlotte Creek,Fortin Park,20.21,2
7/20/2018,Susquehanna River,Fortin Park,20.21,2
7/20/2018,Charlotte Creek,Fortin Park,19.6,1.99
7/20/2018,Charlotte Creek,Fortin Park,21.01,1.97
7/20/2018,Charlotte Creek,Fortin Park,20.43,1.97
7/20/2018,Charlotte Creek,Fortin Park,20.13,1.94
7/20/2018,Charlotte Creek,Fortin Park,20.21,1.93
7/20/2018,Susquehanna River,Fortin Park,19.31,1.83
7/20/2018,Charlotte Creek,Fortin Park,19.4,1.74
7/20/2018,Charlotte Creek,Fortin Park,19.37,1.69
7/20/2018,Charlotte Creek,Fortin Park,19.27,1.65
7/20/2018,Susquehanna River,Fortin Park,18.41,1.6
7/20/2018,Charlotte Creek,Fortin Park,18.98,1.53
7/20/2018,Charlotte Creek,Fortin Park,18.31,1.48
7/20/2018,Charlotte Creek,Fortin Park,19.07,1.44
7/20/2018,Charlotte Creek,Fortin Park,17.79,1.43
7/20/2018,Susquehanna River,Fortin Park,17.75,1.41
7/20/2018,Charlotte Creek,Fortin Park,18.22,1.26
7/20/2018,Charlotte Creek,Fortin Park,17.86,1.26
7/20/2018,Charlotte Creek,Fortin Park,16.6,1.26
7/20/2018,Charlotte Creek,Fortin Park,17.65,1.21
7/20/2018,Charlotte Creek,Fortin Park,17.39,1.15
7/20/2018,Charlotte Creek,Fortin Park,16.17,0.86
7/20/2018,Charlotte Creek,Fortin Park,14.92,0.72
7/20/2018,Charlotte Creek,Fortin Park,14.91,0.68
7/20/2018,Charlotte Creek,Fortin Park,10.77,0.29
7/20/2018,Charlotte Creek,Fortin Park,11.01,0.28
7/20/2018,Charlotte Creek,Fortin Park,6.33,0.24
7/12/2019,Susquehanna River,Cooperstown Dam,43.55,16.12
7/12/2019,Susquehanna River,Cooperstown Dam,39.48,12.79
7/12/2019,Susquehanna River,Cooperstown Dam,37.06,12.5
7/12/2019,Susquehanna River,Cooperstown Dam,29.32,8.29
7/12/2019,Susquehanna River,Cooperstown Dam,33.11,8.11
7/12/2019,Susquehanna River,Cooperstown Dam,27.43,7.75
7/12/2019,Susquehanna River,Cooperstown Dam,31.05,6.26
7/12/2019,Susquehanna River,Cooperstown Dam,24.03,5.53
7/12/2019,Susquehanna River,Cooperstown Dam,34.56,5.5
7/12/2019,Susquehanna River,Cooperstown Dam,27.87,5.47
7/12/2019,Susquehanna River,Cooperstown Dam,28.66,5.34
7/12/2019,Susquehanna River,Cooperstown Dam,27.98,5.29
7/12/2019,Susquehanna River,Cooperstown Dam,28.75,5.12
7/12/2019,Susquehanna River,Cooperstown Dam,28.3,4.94
7/12/2019,Susquehanna River,Cooperstown Dam,27.1,4.92
7/12/2019,Susquehanna River,Cooperstown Dam,27.09,4.49
7/12/2019,Susquehanna River,Cooperstown Dam,33.64,4.41
7/12/2019,Susquehanna River,Cooperstown Dam,27.1,4.39
7/12/2019,Susquehanna River,Cooperstown Dam,26.68,4.37
7/12/2019,Susquehanna River,Cooperstown Dam,28.06,4.35
7/12/2019,Susquehanna River,Cooperstown Dam,26.29,4.07
7/12/2019,Susquehanna River,Cooperstown Dam,24.61,3.93
7/12/2019,Susquehanna River,Cooperstown Dam,25.67,3.75
7/12/2019,Susquehanna River,Cooperstown Dam,24.86,3.5
7/12/2019,Susquehanna River,Cooperstown Dam,25.19,3.49
7/12/2019,Susquehanna River,Cooperstown Dam,24.99,3.46
7/12/2019,Susquehanna River,Cooperstown Dam,24.84,3.33
7/12/2019,Susquehanna River,Cooperstown Dam,24.66,3.09
7/12/2019,Susquehanna River,Cooperstown Dam,23.22,2.97
7/12/2019,Susquehanna River,Cooperstown Dam,24.45,2.87
7/12/2019,Susquehanna River,Cooperstown Dam,22.73,2.84
7/12/2019,Susquehanna River,Cooperstown Dam,22.64,2.81
7/12/2019,Susquehanna River,Cooperstown Dam,22.03,2.78
7/12/2019,Susquehanna River,Cooperstown Dam,22.07,2.77
7/12/2019,Susquehanna River,Cooperstown Dam,24.49,2.76
7/12/2019,Susquehanna River,Cooperstown Dam,23.76,2.55
7/12/2019,Susquehanna River,Cooperstown Dam,22.25,2.53
7/12/2019,Susquehanna River,Cooperstown Dam,22.77,2.5
7/12/2019,Susquehanna River,Cooperstown Dam,20.95,2.32
7/12/2019,Susquehanna River,Cooperstown Dam,24.15,2.28
7/12/2019,Susquehanna River,Cooperstown Dam,21.39,2.26
7/12/2019,Susquehanna River,Cooperstown Dam,21.32,2.26
7/12/2019,Susquehanna River,Cooperstown Dam,20.85,2.18
7/12/2019,Susquehanna River,Cooperstown Dam,21.33,2.17
7/12/2019,Susquehanna River,Cooperstown Dam,21.79,2.06
7/12/2019,Susquehanna River,Cooperstown Dam,21.91,1.96
7/12/2019,Susquehanna River,Cooperstown Dam,20.91,1.9
7/12/2019,Susquehanna River,Cooperstown Dam,21.07,1.87
7/12/2019,Susquehanna River,Cooperstown Dam,20.69,1.82
7/12/2019,Susquehanna River,Cooperstown Dam,20.16,1.73
7/12/2019,Susquehanna River,Cooperstown Dam,19.64,1.57
7/12/2019,Susquehanna River,Cooperstown Dam,18.61,1.49
7/12/2019,Susquehanna River,Cooperstown Dam,19.08,1.48
7/12/2019,Susquehanna River,Cooperstown Dam,19.21,1.45
7/12/2019,Susquehanna River,Cooperstown Dam,17.93,1.38
7/12/2019,Susquehanna River,Cooperstown Dam,18.13,1.36
7/12/2019,Susquehanna River,Cooperstown Dam,17.22,1.31
7/12/2019,Susquehanna River,Cooperstown Dam,19.42,1.22
7/12/2019,Susquehanna River,Cooperstown Dam,14.41,0.8
7/12/2019,Susquehanna River,Cooperstown Dam,16.25,0.63
7/12/2019,Susquehanna River,Cooperstown Dam,13.75,0.62
7/12/2019,Susquehanna River,Cooperstown Dam,15.5,0.62
7/16/2019,Susquehanna River,Colliersville,24.54,4.79
7/16/2019,Susquehanna River,Colliersville,40.87,17.07
7/16/2019,Susquehanna River,Colliersville,39.41,14.43
7/16/2019,Susquehanna River,Colliersville,40.84,14.23
7/16/2019,Susquehanna River,Colliersville,37.85,13.89
7/16/2019,Susquehanna River,Colliersville,39.61,13.37
7/16/2019,Susquehanna River,Colliersville,37.22,13.26
7/16/2019,Susquehanna River,Colliersville,36.74,11.96
7/16/2019,Susquehanna River,Colliersville,37.82,11.9
7/16/2019,Susquehanna River,Colliersville,35.23,11.05
7/16/2019,Susquehanna River,Colliersville,34.7,10.52
7/16/2019,Susquehanna River,Colliersville,36.41,10.42
7/16/2019,Susquehanna River,Colliersville,36.09,9.98
7/16/2019,Susquehanna River,Colliersville,34.84,9.71
7/16/2019,Susquehanna River,Colliersville,31.53,9.43
7/16/2019,Susquehanna River,Colliersville,34.11,9.25
7/16/2019,Susquehanna River,Colliersville,32.96,9.04
7/16/2019,Susquehanna River,Colliersville,34.56,8.94
7/16/2019,Susquehanna River,Colliersville,32.16,8.59
7/16/2019,Susquehanna River,Colliersville,32.1,8.57
7/16/2019,Susquehanna River,Colliersville,30.82,8.57
7/16/2019,Susquehanna River,Colliersville,32.41,8.32
7/16/2019,Susquehanna River,Colliersville,31.86,8.27
7/16/2019,Susquehanna River,Colliersville,30.86,7.69
7/16/2019,Susquehanna River,Colliersville,31.23,7.56
7/16/2019,Susquehanna River,Colliersville,31.03,7.31
7/16/2019,Susquehanna River,Colliersville,29.47,6.91
7/16/2019,Susquehanna River,Colliersville,31.45,6.87
7/16/2019,Susquehanna River,Colliersville,29.24,6.65
7/16/2019,Susquehanna River,Colliersville,28.26,6.53
7/16/2019,Susquehanna River,Colliersville,30.68,6.41
7/16/2019,Susquehanna River,Colliersville,25.33,6.37
7/16/2019,Susquehanna River,Colliersville,29.55,6.35
7/16/2019,Susquehanna River,Colliersville,30.14,6.28
7/16/2019,Susquehanna River,Colliersville,29.36,6.22
7/16/2019,Susquehanna River,Colliersville,26.65,6.16
7/16/2019,Susquehanna River,Colliersville,26.58,6.09
7/16/2019,Susquehanna River,Colliersville,29.39,6.07
7/16/2019,Susquehanna River,Colliersville,28.54,5.96
7/16/2019,Susquehanna River,Colliersville,28.32,5.92
7/16/2019,Susquehanna River,Colliersville,28.44,5.7
7/16/2019,Susquehanna River,Colliersville,28.52,5.55
7/16/2019,Susquehanna River,Colliersville,27.62,5.26
7/16/2019,Susquehanna River,Colliersville,27.29,5.16
7/16/2019,Susquehanna River,Colliersville,28,5
7/16/2019,Susquehanna River,Colliersville,25.51,4.79
7/16/2019,Susquehanna River,Colliersville,26.08,4.66
7/16/2019,Susquehanna River,Colliersville,24.86,4.54
7/16/2019,Susquehanna River,Colliersville,25.88,4.42
7/16/2019,Susquehanna River,Colliersville,24.39,4.42
7/16/2019,Susquehanna River,Colliersville,24.66,4.33
7/16/2019,Susquehanna River,Colliersville,24.86,4.29
7/16/2019,Susquehanna River,Colliersville,25.57,4.25
7/16/2019,Susquehanna River,Colliersville,24.72,4.11
7/16/2019,Susquehanna River,Colliersville,25.97,4.08
7/16/2019,Susquehanna River,Colliersville,26.89,4.07
7/16/2019,Susquehanna River,Colliersville,23.81,3.81
7/16/2019,Susquehanna River,Colliersville,24.38,3.76
7/16/2019,Susquehanna River,Colliersville,24.43,3.74
7/16/2019,Susquehanna River,Colliersville,23.16,3.7
7/16/2019,Susquehanna River,Colliersville,24.91,3.67
7/16/2019,Susquehanna River,Colliersville,23.8,3.64
7/16/2019,Susquehanna River,Colliersville,25.07,3.59
7/16/2019,Susquehanna River,Colliersville,21.76,3.47
7/16/2019,Susquehanna River,Colliersville,23.84,3.45
7/16/2019,Susquehanna River,Colliersville,24.81,3.45
7/16/2019,Susquehanna River,Colliersville,23.5,3.41
7/16/2019,Susquehanna River,Colliersville,23.62,3.33
7/16/2019,Susquehanna River,Colliersville,22.4,3.17
7/16/2019,Susquehanna River,Colliersville,22.77,3.07
7/16/2019,Susquehanna River,Colliersville,23.04,3.06
7/16/2019,Susquehanna River,Colliersville,22.72,3.02
7/16/2019,Susquehanna River,Colliersville,22.34,2.95
7/16/2019,Susquehanna River,Colliersville,22.68,2.79
7/16/2019,Susquehanna River,Colliersville,22.41,2.79
7/16/2019,Susquehanna River,Colliersville,23.09,2.71
7/16/2019,Susquehanna River,Colliersville,21.72,2.71
7/16/2019,Susquehanna River,Colliersville,21.57,2.61
7/16/2019,Susquehanna River,Colliersville,21.6,2.53
7/16/2019,Susquehanna River,Colliersville,15.99,2.53
7/16/2019,Susquehanna River,Colliersville,21.53,2.51
7/16/2019,Susquehanna River,Colliersville,23.53,2.42
7/16/2019,Susquehanna River,Colliersville,20.19,2.36
7/16/2019,Susquehanna River,Colliersville,22.52,2.32
7/16/2019,Susquehanna River,Colliersville,20.02,2.32
7/16/2019,Susquehanna River,Colliersville,20.15,2.2
7/16/2019,Susquehanna River,Colliersville,21.17,2.2
7/16/2019,Susquehanna River,Colliersville,19.96,2.13
7/16/2019,Susquehanna River,Colliersville,21.4,2.07
7/16/2019,Susquehanna River,Colliersville,18.6,2.06
7/16/2019,Susquehanna River,Colliersville,20.29,2.04
7/16/2019,Susquehanna River,Colliersville,19.1,2
7/16/2019,Susquehanna River,Colliersville,19.42,1.99
7/16/2019,Susquehanna River,Colliersville,19.32,1.99
7/16/2019,Susquehanna River,Colliersville,19.43,1.95
7/16/2019,Susquehanna River,Colliersville,17.47,1.92
7/16/2019,Susquehanna River,Colliersville,19.51,1.88
7/16/2019,Susquehanna River,Colliersville,18.4,1.78
7/16/2019,Susquehanna River,Colliersville,19.59,1.78
7/16/2019,Susquehanna River,Colliersville,20.27,1.74
7/16/2019,Susquehanna River,Colliersville,19.02,1.69
7/16/2019,Susquehanna River,Colliersville,19.67,1.65
7/16/2019,Susquehanna River,Colliersville,19.69,1.62
7/16/2019,Susquehanna River,Colliersville,19.35,1.54
7/16/2019,Susquehanna River,Colliersville,17.6,1.38
7/16/2019,Susquehanna River,Colliersville,17.75,1.27
7/16/2019,Susquehanna River,Colliersville,15.36,1.25
7/16/2019,Susquehanna River,Colliersville,18.17,1.24
7/16/2019,Susquehanna River,Colliersville,14.1,0.68
7/16/2019,Susquehanna River,Colliersville,10.31,0.21
7/16/2019,Susquehanna River,Colliersville,10.23,0.17
7/16/2019,Susquehanna River,Colliersville,7.02,0.05
7/18/2019,Charlotte Creek,Fortin Park,37.21,11.77
7/18/2019,Charlotte Creek,Fortin Park,36.02,11.03
7/18/2019,Charlotte Creek,Fortin Park,34.11,9.53
7/18/2019,Charlotte Creek,Fortin Park,32.74,8.28
7/18/2019,Charlotte Creek,Fortin Park,32.21,7.99
7/18/2019,Charlotte Creek,Fortin Park,32.69,7.67
7/18/2019,Charlotte Creek,Fortin Park,32.67,7.65
7/18/2019,Charlotte Creek,Fortin Park,30.69,7.49
7/18/2019,Charlotte Creek,Fortin Park,30.57,7.32
7/18/2019,Charlotte Creek,Fortin Park,30.9,7.05
7/18/2019,Charlotte Creek,Fortin Park,29.92,6.98
7/18/2019,Charlotte Creek,Fortin Park,30.21,6.92
7/18/2019,Charlotte Creek,Fortin Park,31.51,6.88
7/18/2019,Charlotte Creek,Fortin Park,30.13,6.86
7/18/2019,Charlotte Creek,Fortin Park,30.88,6.81
7/18/2019,Charlotte Creek,Fortin Park,30.71,6.81
7/18/2019,Charlotte Creek,Fortin Park,30.57,6.54
7/18/2019,Charlotte Creek,Fortin Park,30.72,6.48
7/18/2019,Charlotte Creek,Fortin Park,28.45,6.48
7/18/2019,Charlotte Creek,Fortin Park,27.89,5.9
7/18/2019,Charlotte Creek,Fortin Park,29.37,5.88
7/18/2019,Charlotte Creek,Fortin Park,29.07,5.81
7/18/2019,Charlotte Creek,Fortin Park,28.98,5.8
7/18/2019,Charlotte Creek,Fortin Park,27.58,5.78
7/18/2019,Charlotte Creek,Fortin Park,29.77,5.77
7/18/2019,Charlotte Creek,Fortin Park,28.66,5.62
7/18/2019,Charlotte Creek,Fortin Park,28.66,5.59
7/18/2019,Charlotte Creek,Fortin Park,29.15,5.57
7/18/2019,Charlotte Creek,Fortin Park,29.16,5.56
7/18/2019,Charlotte Creek,Fortin Park,28,5.31
7/18/2019,Charlotte Creek,Fortin Park,27.97,5.25
7/18/2019,Charlotte Creek,Fortin Park,26.94,5.25
7/18/2019,Charlotte Creek,Fortin Park,28.3,5.19
7/18/2019,Charlotte Creek,Fortin Park,26.95,5.19
7/18/2019,Charlotte Creek,Fortin Park,27.41,5.16
7/18/2019,Charlotte Creek,Fortin Park,26.57,5.15
7/18/2019,Charlotte Creek,Fortin Park,27.69,5.13
7/18/2019,Charlotte Creek,Fortin Park,27.22,5.05
7/18/2019,Charlotte Creek,Fortin Park,26.97,5.03
7/18/2019,Charlotte Creek,Fortin Park,27.09,4.84
7/18/2019,Charlotte Creek,Fortin Park,27.52,4.83
7/18/2019,Charlotte Creek,Fortin Park,27.65,4.82
7/18/2019,Charlotte Creek,Fortin Park,27.54,4.81
7/18/2019,Charlotte Creek,Fortin Park,27.48,4.77
7/18/2019,Charlotte Creek,Fortin Park,27.65,4.75
7/18/2019,Charlotte Creek,Fortin Park,26.06,4.68
7/18/2019,Charlotte Creek,Fortin Park,27.47,4.55
7/18/2019,Charlotte Creek,Fortin Park,26.96,4.36
7/18/2019,Charlotte Creek,Fortin Park,26.27,4.26
7/18/2019,Charlotte Creek,Fortin Park,26.9,4.23
7/18/2019,Charlotte Creek,Fortin Park,24.75,4.16
7/18/2019,Charlotte Creek,Fortin Park,26.71,4.08
7/18/2019,Charlotte Creek,Fortin Park,25.83,4.05
7/18/2019,Charlotte Creek,Fortin Park,26.06,3.92
7/18/2019,Charlotte Creek,Fortin Park,25,3.73
7/18/2019,Charlotte Creek,Fortin Park,26.6,3.73
7/18/2019,Charlotte Creek,Fortin Park,25.04,3.69
7/18/2019,Charlotte Creek,Fortin Park,24.92,3.67
7/18/2019,Charlotte Creek,Fortin Park,23.95,3.49
7/18/2019,Charlotte Creek,Fortin Park,23.93,3.4
7/18/2019,Charlotte Creek,Fortin Park,24.14,3.3
7/18/2019,Charlotte Creek,Fortin Park,22.65,3.23
7/18/2019,Charlotte Creek,Fortin Park,22.19,3.23
7/18/2019,Charlotte Creek,Fortin Park,24.19,3.23
7/18/2019,Charlotte Creek,Fortin Park,24.61,3.21
7/18/2019,Charlotte Creek,Fortin Park,22.7,3.05
7/18/2019,Charlotte Creek,Fortin Park,22.95,2.97
7/18/2019,Charlotte Creek,Fortin Park,23.44,2.78
7/18/2019,Charlotte Creek,Fortin Park,22.53,2.7
7/18/2019,Charlotte Creek,Fortin Park,22.43,2.68
7/18/2019,Charlotte Creek,Fortin Park,22.5,2.59
7/18/2019,Charlotte Creek,Fortin Park,21.77,2.4
7/18/2019,Charlotte Creek,Fortin Park,21.53,2.4
7/18/2019,Charlotte Creek,Fortin Park,20.8,2.3
7/18/2019,Charlotte Creek,Fortin Park,19.65,2.14
7/18/2019,Charlotte Creek,Fortin Park,20.09,2.08
7/18/2019,Charlotte Creek,Fortin Park,20.11,2.04
7/18/2019,Charlotte Creek,Fortin Park,18.31,1.59
7/18/2019,Charlotte Creek,Fortin Park,7.92,0.11
7/18/2019,Charlotte Creek,Fortin Park,8.28,0.11
7/22/2019,Otego Creek,Route 23,39.64,14.41
7/22/2019,Otego Creek,Route 23,36.35,10.97
7/22/2019,Otego Creek,Route 23,33.24,10.56
7/22/2019,Otego Creek,Route 23,33.26,9.22
7/22/2019,Otego Creek,Route 23,32.76,8.17
7/22/2019,Otego Creek,Route 23,31.76,7.48
7/22/2019,Otego Creek,Route 23,30.76,7.47
7/22/2019,Otego Creek,Route 23,32.15,6.83
7/22/2019,Otego Creek,Route 23,30.04,6.55
7/22/2019,Otego Creek,Route 23,29.92,6.46
7/22/2019,Otego Creek,Route 23,29.75,6.34
7/22/2019,Otego Creek,Route 23,29.22,6.27
7/22/2019,Otego Creek,Route 23,29.45,6.25
7/22/2019,Otego Creek,Route 23,30.18,6.19
7/22/2019,Otego Creek,Route 23,26.81,6.16
7/22/2019,Otego Creek,Route 23,30.86,6.03
7/22/2019,Otego Creek,Route 23,29.22,5.67
7/22/2019,Otego Creek,Route 23,28.56,5.52
7/22/2019,Otego Creek,Route 23,27.05,5.45
7/22/2019,Otego Creek,Route 23,27.95,5.43
7/22/2019,Otego Creek,Route 23,27.08,5.42
7/22/2019,Otego Creek,Route 23,27.76,5.27
7/22/2019,Otego Creek,Route 23,27.01,5.23
7/22/2019,Otego Creek,Route 23,28.55,5.19
7/22/2019,Otego Creek,Route 23,28.33,5.04
7/22/2019,Otego Creek,Route 23,27.88,5.02
7/22/2019,Otego Creek,Route 23,27.8,4.88
7/22/2019,Otego Creek,Route 23,26.43,4.85
7/22/2019,Otego Creek,Route 23,25.77,4.75
7/22/2019,Otego Creek,Route 23,27.19,4.66
7/22/2019,Otego Creek,Route 23,25.41,4.65
7/22/2019,Otego Creek,Route 23,26.98,4.54
7/22/2019,Otego Creek,Route 23,27.11,4.52
7/22/2019,Otego Creek,Route 23,23.49,4.37
7/22/2019,Otego Creek,Route 23,25.97,4.32
7/22/2019,Otego Creek,Route 23,26,4.25
7/22/2019,Otego Creek,Route 23,26.13,4.25
7/22/2019,Otego Creek,Route 23,25.98,4.08
7/22/2019,Otego Creek,Route 23,25.41,4.03
7/22/2019,Otego Creek,Route 23,25.96,3.99
7/22/2019,Otego Creek,Route 23,25.02,3.98
7/22/2019,Otego Creek,Route 23,26.32,3.9
7/22/2019,Otego Creek,Route 23,25.99,3.85
7/22/2019,Otego Creek,Route 23,24.45,3.83
7/22/2019,Otego Creek,Route 23,24.73,3.82
7/22/2019,Otego Creek,Route 23,25.56,3.79
7/22/2019,Otego Creek,Route 23,24.98,3.69
7/22/2019,Otego Creek,Route 23,24.91,3.62
7/22/2019,Otego Creek,Route 23,24.45,3.59
7/22/2019,Otego Creek,Route 23,25.03,3.59
7/22/2019,Otego Creek,Route 23,25.01,3.58
7/22/2019,Otego Creek,Route 23,24.73,3.58
7/22/2019,Otego Creek,Route 23,25.37,3.46
7/22/2019,Otego Creek,Route 23,24.71,3.36
7/22/2019,Otego Creek,Route 23,24.79,3.31
7/22/2019,Otego Creek,Route 23,25.46,3.29
7/22/2019,Otego Creek,Route 23,23.95,3.23
7/22/2019,Otego Creek,Route 23,23.88,3.18
7/22/2019,Otego Creek,Route 23,24.63,3.17
7/22/2019,Otego Creek,Route 23,23.52,3.15
7/22/2019,Otego Creek,Route 23,24.22,3.11
7/22/2019,Otego Creek,Route 23,24.33,3.08
7/22/2019,Otego Creek,Route 23,25,3.06
7/22/2019,Otego Creek,Route 23,24.02,2.99
7/22/2019,Otego Creek,Route 23,23.47,2.89
7/22/2019,Otego Creek,Route 23,24.32,2.87
7/22/2019,Otego Creek,Route 23,23.54,2.87
7/22/2019,Otego Creek,Route 23,24.25,2.84
7/22/2019,Otego Creek,Route 23,23.21,2.8
7/22/2019,Otego Creek,Route 23,23.36,2.79
7/22/2019,Otego Creek,Route 23,22.89,2.67
7/22/2019,Otego Creek,Route 23,22.81,2.63
7/22/2019,Otego Creek,Route 23,21.55,2.38
7/22/2019,Otego Creek,Route 23,21.39,2.17
7/22/2019,Otego Creek,Route 23,19.48,1.88
7/22/2019,Otego Creek,Route 23,9.58,0.18
7/22/2019,Otego Creek,Route 23,8.82,0.17
7/22/2019,Otego Creek,Route 23,8.51,0.16
7/22/2019,Otego Creek,Route 23,7.08,0.08
7/23/2019,Butternut Creek,Bailey Road,39.27,14.62
7/23/2019,Butternut Creek,Bailey Road,39.47,12.68
7/23/2019,Butternut Creek,Bailey Road,37.01,11.9
7/23/2019,Butternut Creek,Bailey Road,37.88,11.6
7/23/2019,Butternut Creek,Bailey Road,34.14,11.15
7/23/2019,Butternut Creek,Bailey Road,33.69,9.07
7/23/2019,Butternut Creek,Bailey Road,32.94,8.3
7/23/2019,Butternut Creek,Bailey Road,31.63,7.82
7/23/2019,Butternut Creek,Bailey Road,31.91,7.5
7/23/2019,Butternut Creek,Bailey Road,32.03,7.39
7/23/2019,Butternut Creek,Bailey Road,31.06,7.22
7/23/2019,Butternut Creek,Bailey Road,31.06,7.12
7/23/2019,Butternut Creek,Bailey Road,31.92,7.09
7/23/2019,Butternut Creek,Bailey Road,32.62,6.83
7/23/2019,Butternut Creek,Bailey Road,30.58,6.68
7/23/2019,Butternut Creek,Bailey Road,28.84,6.62
7/23/2019,Butternut Creek,Bailey Road,28.35,6.55
7/23/2019,Butternut Creek,Bailey Road,30.58,6.46
7/23/2019,Butternut Creek,Bailey Road,32.03,6.4
7/23/2019,Butternut Creek,Bailey Road,29.9,6.37
7/23/2019,Butternut Creek,Bailey Road,30.97,6.34
7/23/2019,Butternut Creek,Bailey Road,30.15,6.21
7/23/2019,Butternut Creek,Bailey Road,29.02,5.78
7/23/2019,Butternut Creek,Bailey Road,27.04,5.61
7/23/2019,Butternut Creek,Bailey Road,29.93,5.6
7/23/2019,Butternut Creek,Bailey Road,27.43,5.49
7/23/2019,Butternut Creek,Bailey Road,27.83,5.27
7/23/2019,Butternut Creek,Bailey Road,27.34,5.1
7/23/2019,Butternut Creek,Bailey Road,27.61,5.05
7/23/2019,Butternut Creek,Bailey Road,27.46,5.01
7/23/2019,Butternut Creek,Bailey Road,29.86,4.87
7/23/2019,Butternut Creek,Bailey Road,27.7,4.74
7/23/2019,Butternut Creek,Bailey Road,26.93,4.57
7/23/2019,Butternut Creek,Bailey Road,26.95,4.52
7/23/2019,Butternut Creek,Bailey Road,25.71,4.45
7/23/2019,Butternut Creek,Bailey Road,26.65,4.43
7/23/2019,Butternut Creek,Bailey Road,27.13,4.27
7/23/2019,Butternut Creek,Bailey Road,24.59,4.1
7/23/2019,Butternut Creek,Bailey Road,25.49,4.08
7/23/2019,Butternut Creek,Bailey Road,27.21,4.08
7/23/2019,Butternut Creek,Bailey Road,25.62,4.05
7/23/2019,Butternut Creek,Bailey Road,27.29,3.96
7/23/2019,Butternut Creek,Bailey Road,26.98,3.9
7/23/2019,Butternut Creek,Bailey Road,24.6,3.81
7/23/2019,Butternut Creek,Bailey Road,25.19,3.81
7/23/2019,Butternut Creek,Bailey Road,24.81,3.77
7/23/2019,Butternut Creek,Bailey Road,25.05,3.65
7/23/2019,Butternut Creek,Bailey Road,28.41,3.63
7/23/2019,Butternut Creek,Bailey Road,24.22,3.6
7/23/2019,Butternut Creek,Bailey Road,26.84,3.57
7/23/2019,Butternut Creek,Bailey Road,24.86,3.49
7/23/2019,Butternut Creek,Bailey Road,22.54,3.41
7/23/2019,Butternut Creek,Bailey Road,24.54,3.35
7/23/2019,Butternut Creek,Bailey Road,25.68,3.23
7/23/2019,Butternut Creek,Bailey Road,26.75,3.22
7/23/2019,Butternut Creek,Bailey Road,25.3,3.08
7/23/2019,Butternut Creek,Bailey Road,23.69,2.81
7/23/2019,Butternut Creek,Bailey Road,21.72,2.64
7/23/2019,Butternut Creek,Bailey Road,22.79,2.63
7/23/2019,Butternut Creek,Bailey Road,20.96,2.4
7/23/2019,Butternut Creek,Bailey Road,20.46,2.3
7/23/2019,Butternut Creek,Bailey Road,20.91,1.91
7/23/2019,Butternut Creek,Bailey Road,20.45,1.85
7/23/2019,Butternut Creek,Bailey Road,17.91,1.36
7/23/2019,Butternut Creek,Bailey Road,17.54,1.28
7/23/2019,Butternut Creek,Bailey Road,12.05,0.33
7/23/2019,Butternut Creek,Bailey Road,8.3,0.15
7/23/2019,Butternut Creek,Bailey Road,7.06,0.11
7/23/2019,Butternut Creek,Bailey Road,8,0.1
7/23/2019,Butternut Creek,Bailey Road,6.64,0.06
8/5/2019,Susquehanna River,Fortin Park,39.7,18.48
8/5/2019,Susquehanna River,Fortin Park,34.82,13.37
8/5/2019,Susquehanna River,Fortin Park,38.88,13.11
8/5/2019,Susquehanna River,Fortin Park,38.97,12.66
8/5/2019,Susquehanna River,Fortin Park,38,12.48
8/5/2019,Susquehanna River,Fortin Park,38.16,12.33
8/5/2019,Susquehanna River,Fortin Park,37.64,12.02
8/5/2019,Susquehanna River,Fortin Park,36.88,11.5
8/5/2019,Susquehanna River,Fortin Park,36.18,11
8/5/2019,Susquehanna River,Fortin Park,35.8,10.71
8/5/2019,Susquehanna River,Fortin Park,36.8,10.55
8/5/2019,Susquehanna River,Fortin Park,32.16,10.39
8/5/2019,Susquehanna River,Fortin Park,37.6,10.04
8/5/2019,Susquehanna River,Fortin Park,35.12,9.92
8/5/2019,Susquehanna River,Fortin Park,37.44,9.84
8/5/2019,Susquehanna River,Fortin Park,35.77,9.58
8/5/2019,Susquehanna River,Fortin Park,32.56,9.55
8/5/2019,Susquehanna River,Fortin Park,34.14,9.5
8/5/2019,Susquehanna River,Fortin Park,32.69,9.31
8/5/2019,Susquehanna River,Fortin Park,32.22,9.23
8/5/2019,Susquehanna River,Fortin Park,29.52,8.89
8/5/2019,Susquehanna River,Fortin Park,30.37,8.82
8/5/2019,Susquehanna River,Fortin Park,31.82,8.25
8/5/2019,Susquehanna River,Fortin Park,30.8,8.14
8/5/2019,Susquehanna River,Fortin Park,32.57,8.13
8/5/2019,Susquehanna River,Fortin Park,32.26,8.1
8/5/2019,Susquehanna River,Fortin Park,26.73,7.94
8/5/2019,Susquehanna River,Fortin Park,29.44,7.81
8/5/2019,Susquehanna River,Fortin Park,29.4,7.71
8/5/2019,Susquehanna River,Fortin Park,30.14,7.64
8/5/2019,Susquehanna River,Fortin Park,31.1,7.62
8/5/2019,Susquehanna River,Fortin Park,27.55,7.59
8/5/2019,Susquehanna River,Fortin Park,32.51,7.58
8/5/2019,Susquehanna River,Fortin Park,31.25,7.24
8/5/2019,Susquehanna River,Fortin Park,32.45,7.11
8/5/2019,Susquehanna River,Fortin Park,29.45,6.9
8/5/2019,Susquehanna River,Fortin Park,29.61,6.41
8/5/2019,Susquehanna River,Fortin Park,28.33,6.32
8/5/2019,Susquehanna River,Fortin Park,29.87,6.22
8/5/2019,Susquehanna River,Fortin Park,27.82,6.16
8/5/2019,Susquehanna River,Fortin Park,29.11,6.07
8/5/2019,Susquehanna River,Fortin Park,28.01,5.81
8/5/2019,Susquehanna River,Fortin Park,27.57,5.79
8/5/2019,Susquehanna River,Fortin Park,28.12,5.62
8/5/2019,Susquehanna River,Fortin Park,28.41,5.42
8/5/2019,Susquehanna River,Fortin Park,26.21,5.32
8/5/2019,Susquehanna River,Fortin Park,26.76,5.17
8/5/2019,Susquehanna River,Fortin Park,27.02,4.62
8/5/2019,Susquehanna River,Fortin Park,25.48,4.58
8/5/2019,Susquehanna River,Fortin Park,22.38,4.55
8/5/2019,Susquehanna River,Fortin Park,25.48,4.29
8/5/2019,Susquehanna River,Fortin Park,24.04,4.27
8/5/2019,Susquehanna River,Fortin Park,25.51,4.23
8/5/2019,Susquehanna River,Fortin Park,27.34,4.18
8/5/2019,Susquehanna River,Fortin Park,26.13,4.03
8/5/2019,Susquehanna River,Fortin Park,24.28,3.96
8/5/2019,Susquehanna River,Fortin Park,24.69,3.94
8/5/2019,Susquehanna River,Fortin Park,24.98,3.73
8/5/2019,Susquehanna River,Fortin Park,26.16,3.72
8/5/2019,Susquehanna River,Fortin Park,24.92,3.33
8/5/2019,Susquehanna River,Fortin Park,23.79,3.25
8/5/2019,Susquehanna River,Fortin Park,23.18,3.12
8/5/2019,Susquehanna River,Fortin Park,23.61,3.06
8/5/2019,Susquehanna River,Fortin Park,21.74,2.75
8/5/2019,Susquehanna River,Fortin Park,23.13,2.75
8/5/2019,Susquehanna River,Fortin Park,21.63,2.69
8/5/2019,Susquehanna River,Fortin Park,21.66,2.32
8/5/2019,Susquehanna River,Fortin Park,20.09,2.3
8/5/2019,Susquehanna River,Fortin Park,19.5,1.72
8/5/2019,Susquehanna River,Fortin Park,16.5,1.25
8/5/2019,Susquehanna River,Fortin Park,16.34,1.24
8/5/2019,Susquehanna River,Fortin Park,11.92,0.36
8/5/2019,Susquehanna River,Fortin Park,11.75,0.35
8/5/2019,Susquehanna River,Fortin Park,11.25,0.35
8/5/2019,Susquehanna River,Fortin Park,10.85,0.32
8/5/2019,Susquehanna River,Fortin Park,8.52,0.05
8/6/2019,Wharton Creek,Route 80,39.26,13.9
8/6/2019,Wharton Creek,Route 80,35.32,10.96
8/6/2019,Wharton Creek,Route 80,38.25,10.7
8/6/2019,Wharton Creek,Route 80,36.93,10.69
8/6/2019,Wharton Creek,Route 80,32.71,10.48
8/6/2019,Wharton Creek,Route 80,33.74,8.83
8/6/2019,Wharton Creek,Route 80,32.62,8.35
8/6/2019,Wharton Creek,Route 80,30.54,7.29
8/6/2019,Wharton Creek,Route 80,30.76,6.19
8/6/2019,Wharton Creek,Route 80,30.62,6.17
8/6/2019,Wharton Creek,Route 80,29.78,6
8/6/2019,Wharton Creek,Route 80,27,5.86
8/6/2019,Wharton Creek,Route 80,27.03,5.27
8/6/2019,Wharton Creek,Route 80,26.98,4.96
8/6/2019,Wharton Creek,Route 80,29.77,4.82
8/6/2019,Wharton Creek,Route 80,24.01,4.79
8/6/2019,Wharton Creek,Route 80,26.9,4.67
8/6/2019,Wharton Creek,Route 80,24.71,4.54
8/6/2019,Wharton Creek,Route 80,27.38,4.53
8/6/2019,Wharton Creek,Route 80,24.71,4.51
8/6/2019,Wharton Creek,Route 80,24.02,4.4
8/6/2019,Wharton Creek,Route 80,26.85,4.37
8/6/2019,Wharton Creek,Route 80,25.73,4.36
8/6/2019,Wharton Creek,Route 80,27.69,4.28
8/6/2019,Wharton Creek,Route 80,24.02,4.26
8/6/2019,Wharton Creek,Route 80,23.03,4.21
8/6/2019,Wharton Creek,Route 80,25.54,4.21
8/6/2019,Wharton Creek,Route 80,25.1,4.17
8/6/2019,Wharton Creek,Route 80,26.51,4.15
8/6/2019,Wharton Creek,Route 80,25.45,4.1
8/6/2019,Wharton Creek,Route 80,25.12,4.02
8/6/2019,Wharton Creek,Route 80,24.88,4.01
8/6/2019,Wharton Creek,Route 80,26.18,3.97
8/6/2019,Wharton Creek,Route 80,24.05,3.96
8/6/2019,Wharton Creek,Route 80,25.79,3.93
8/6/2019,Wharton Creek,Route 80,24.68,3.91
8/6/2019,Wharton Creek,Route 80,23.5,3.63
8/6/2019,Wharton Creek,Route 80,22.69,3.4
8/6/2019,Wharton Creek,Route 80,24.45,3.38
8/6/2019,Wharton Creek,Route 80,24.1,3.37
8/6/2019,Wharton Creek,Route 80,22.72,3.18
8/6/2019,Wharton Creek,Route 80,21.03,3.08
8/6/2019,Wharton Creek,Route 80,22.27,3.04
8/6/2019,Wharton Creek,Route 80,24.3,3.03
8/6/2019,Wharton Creek,Route 80,22.45,2.93
8/6/2019,Wharton Creek,Route 80,20.66,2.93
8/6/2019,Wharton Creek,Route 80,23.21,2.87
8/6/2019,Wharton Creek,Route 80,22.92,2.81
8/6/2019,Wharton Creek,Route 80,21.75,2.78
8/6/2019,Wharton Creek,Route 80,23.08,2.74
8/6/2019,Wharton Creek,Route 80,22.06,2.73
8/6/2019,Wharton Creek,Route 80,22.59,2.71
8/6/2019,Wharton Creek,Route 80,21.91,2.71
8/6/2019,Wharton Creek,Route 80,20.23,2.69
8/6/2019,Wharton Creek,Route 80,22.77,2.67
8/6/2019,Wharton Creek,Route 80,22.62,2.63
8/6/2019,Wharton Creek,Route 80,21.88,2.48
8/6/2019,Wharton Creek,Route 80,23.16,2.47
8/6/2019,Wharton Creek,Route 80,21.35,2.39
8/6/2019,Wharton Creek,Route 80,22.11,2.38
8/6/2019,Wharton Creek,Route 80,20.44,2.35
8/6/2019,Wharton Creek,Route 80,21.4,2.29
8/6/2019,Wharton Creek,Route 80,18.68,2.11
8/6/2019,Wharton Creek,Route 80,18.61,1.99
8/6/2019,Wharton Creek,Route 80,16.31,1.97
8/6/2019,Wharton Creek,Route 80,20.45,1.92
8/6/2019,Wharton Creek,Route 80,19.14,1.62
8/6/2019,Wharton Creek,Route 80,17.69,1.16
8/6/2019,Wharton Creek,Route 80,15.51,0.85
8/6/2019,Wharton Creek,Route 80,13,0.55
8/6/2019,Wharton Creek,Route 80,12.03,0.4
8/6/2019,Wharton Creek,Route 80,11.46,0.34
8/6/2019,Wharton Creek,Route 80,10.04,0.24
8/6/2019,Wharton Creek,Route 80,10.19,0.21
8/6/2019,Wharton Creek,Route 80,9.17,0.18
8/6/2019,Wharton Creek,Route 80,6.83,0.11
7/7/2021,Susquehanna River,Cooperstown Dam,22.04,2.8
7/7/2021,Susquehanna River,Cooperstown Dam,42.84,16.4
7/7/2021,Susquehanna River,Cooperstown Dam,40.15,14.7
7/7/2021,Susquehanna River,Cooperstown Dam,25.47,3.2
7/7/2021,Susquehanna River,Cooperstown Dam,20.78,2.2
7/7/2021,Susquehanna River,Cooperstown Dam,37.56,11.3
7/7/2021,Susquehanna River,Cooperstown Dam,19.9,1.5
7/7/2021,Susquehanna River,Cooperstown Dam,40.68,14.3
7/7/2021,Susquehanna River,Cooperstown Dam,31.73,7.3
7/7/2021,Susquehanna River,Cooperstown Dam,41.7,17
7/7/2021,Susquehanna River,Cooperstown Dam,38.47,13.7
7/7/2021,Susquehanna River,Cooperstown Dam,37.6,13.4
7/7/2021,Susquehanna River,Cooperstown Dam,36.05,11.7
7/7/2021,Susquehanna River,Cooperstown Dam,38.32,12.6
7/7/2021,Susquehanna River,Cooperstown Dam,46.31,22.4
7/7/2021,Susquehanna River,Cooperstown Dam,42.68,15.6
7/7/2021,Susquehanna River,Cooperstown Dam,46.64,22
7/7/2021,Susquehanna River,Cooperstown Dam,44.53,16
7/7/2021,Susquehanna River,Cooperstown Dam,38.68,11.6
7/7/2021,Susquehanna River,Cooperstown Dam,37.4,11.7
7/7/2021,Susquehanna River,Cooperstown Dam,33.42,8.1
7/7/2021,Susquehanna River,Cooperstown Dam,29.37,5.5
7/7/2021,Susquehanna River,Cooperstown Dam,26.91,4.4
7/7/2021,Susquehanna River,Cooperstown Dam,35.13,9.7
7/7/2021,Susquehanna River,Cooperstown Dam,24.55,3.1
7/7/2021,Susquehanna River,Cooperstown Dam,28.44,5
7/7/2021,Susquehanna River,Cooperstown Dam,27.07,4.1
7/7/2021,Susquehanna River,Cooperstown Dam,23.42,2.5
7/7/2021,Susquehanna River,Cooperstown Dam,7.15,
7/7/2021,Susquehanna River,Cooperstown Dam,31.59,7
7/7/2021,Susquehanna River,Cooperstown Dam,21.64,2.2
7/7/2021,Susquehanna River,Cooperstown Dam,21.61,2.2
7/7/2021,Susquehanna River,Cooperstown Dam,20.52,2.1
7/7/2021,Susquehanna River,Cooperstown Dam,24.58,3.4
7/7/2021,Susquehanna River,Cooperstown Dam,21.55,2.1
7/7/2021,Susquehanna River,Cooperstown Dam,23.57,2.7
7/7/2021,Susquehanna River,Cooperstown Dam,23.06,2.7
7/7/2021,Susquehanna River,Cooperstown Dam,26.38,3.8
7/7/2021,Susquehanna River,Cooperstown Dam,19.89,1.8
7/7/2021,Susquehanna River,Cooperstown Dam,20.91,2
7/7/2021,Susquehanna River,Cooperstown Dam,21.52,2
7/7/2021,Susquehanna River,Cooperstown Dam,23.53,3
7/7/2021,Susquehanna River,Cooperstown Dam,20.02,1.8
7/7/2021,Susquehanna River,Cooperstown Dam,20.64,2.1
7/7/2021,Susquehanna River,Cooperstown Dam,23.38,3.1
7/7/2021,Susquehanna River,Cooperstown Dam,22.53,2.6
7/7/2021,Susquehanna River,Cooperstown Dam,21.33,2.3
7/7/2021,Susquehanna River,Cooperstown Dam,15.01,0.6
7/7/2021,Susquehanna River,Cooperstown Dam,22.18,2.5
7/7/2021,Susquehanna River,Cooperstown Dam,15.57,0.8
7/7/2021,Susquehanna River,Cooperstown Dam,17.15,1
7/7/2021,Susquehanna River,Cooperstown Dam,22.42,2.3
7/7/2021,Susquehanna River,Cooperstown Dam,20.21,1.7
7/7/2021,Susquehanna River,Cooperstown Dam,15.63,0.8
7/7/2021,Susquehanna River,Cooperstown Dam,17.18,1.2
7/7/2021,Susquehanna River,Cooperstown Dam,19.54,1.4
7/7/2021,Susquehanna River,Cooperstown Dam,18.81,1.4
7/7/2021,Susquehanna River,Cooperstown Dam,17.69,1.3
7/7/2021,Susquehanna River,Cooperstown Dam,18.05,1.4
7/7/2021,Susquehanna River,Cooperstown Dam,14.6,0.8
7/7/2021,Susquehanna River,Cooperstown Dam,18.78,1.4
7/7/2021,Susquehanna River,Cooperstown Dam,14.99,0.7
7/7/2021,Susquehanna River,Cooperstown Dam,14.7,0.7
7/9/2021,Butternut Creek,Bailey Road,31.48,6.9
7/9/2021,Butternut Creek,Bailey Road,22.57,2.2
7/9/2021,Butternut Creek,Bailey Road,25.42,3.2
7/9/2021,Butternut Creek,Bailey Road,41.02,13.5
7/9/2021,Butternut Creek,Bailey Road,24.3,3
7/9/2021,Butternut Creek,Bailey Road,26.15,4
7/9/2021,Butternut Creek,Bailey Road,24.38,3
7/9/2021,Butternut Creek,Bailey Road,24.83,3.8
7/9/2021,Butternut Creek,Bailey Road,28.94,4.7
7/9/2021,Butternut Creek,Bailey Road,24.94,3.1
7/9/2021,Butternut Creek,Bailey Road,30.18,6.2
7/9/2021,Butternut Creek,Bailey Road,25.41,3.5
7/9/2021,Butternut Creek,Bailey Road,14.8,0.3
7/9/2021,Butternut Creek,Bailey Road,21.43,1.8
7/9/2021,Butternut Creek,Bailey Road,17.05,0.8
7/9/2021,Butternut Creek,Bailey Road,21.84,1.9
7/9/2021,Butternut Creek,Bailey Road,24.23,2.5
7/9/2021,Butternut Creek,Bailey Road,18.27,1.2
7/9/2021,Butternut Creek,Bailey Road,18.05,1
7/9/2021,Butternut Creek,Bailey Road,8.05,
7/9/2021,Butternut Creek,Bailey Road,19.53,1.4
7/9/2021,Butternut Creek,Bailey Road,9.3,
7/9/2021,Butternut Creek,Bailey Road,9.02,
7/9/2021,Butternut Creek,Bailey Road,10.08,
7/9/2021,Butternut Creek,Bailey Road,8.41,
7/9/2021,Butternut Creek,Bailey Road,9.69,
7/9/2021,Butternut Creek,Bailey Road,13.71,0.3
7/9/2021,Butternut Creek,Bailey Road,6.99,
7/9/2021,Butternut Creek,Bailey Road,14.05,0.4
7/9/2021,Butternut Creek,Bailey Road,17.08,0.9
7/9/2021,Butternut Creek,Bailey Road,9.25,
7/9/2021,Butternut Creek,Bailey Road,8.99,
7/9/2021,Butternut Creek,Bailey Road,7.63,
7/9/2021,Butternut Creek,Bailey Road,7.49,
7/15/2021,Wharton Creek,Route 80,34.9,9.9
7/15/2021,Wharton Creek,Route 80,28.51,5.9
7/15/2021,Wharton Creek,Route 80,30.54,7.1
7/15/2021,Wharton Creek,Route 80,29.76,6.1
7/15/2021,Wharton Creek,Route 80,29.26,4.4
7/15/2021,Wharton Creek,Route 80,33.38,6.8
7/15/2021,Wharton Creek,Route 80,30.97,7.7
7/15/2021,Wharton Creek,Route 80,23.82,3
7/15/2021,Wharton Creek,Route 80,33.68,9.1
7/15/2021,Wharton Creek,Route 80,34.12,10
7/15/2021,Wharton Creek,Route 80,18.73,1.4
7/15/2021,Wharton Creek,Route 80,30.16,6.5
7/15/2021,Wharton Creek,Route 80,27.15,4.8
7/15/2021,Wharton Creek,Route 80,32.75,8
7/15/2021,Wharton Creek,Route 80,22.3,2.5
7/15/2021,Wharton Creek,Route 80,26.19,4.8
7/15/2021,Wharton Creek,Route 80,28.3,5.1
7/15/2021,Wharton Creek,Route 80,25.04,3.8
7/15/2021,Wharton Creek,Route 80,27.74,5.1
7/15/2021,Wharton Creek,Route 80,34.87,8.6
7/15/2021,Wharton Creek,Route 80,27.49,5
7/15/2021,Wharton Creek,Route 80,26.95,4.6
7/15/2021,Wharton Creek,Route 80,29.37,5.5
7/15/2021,Wharton Creek,Route 80,25.37,3.8
7/15/2021,Wharton Creek,Route 80,27.53,5.3
7/15/2021,Wharton Creek,Route 80,25.18,3.5
7/15/2021,Wharton Creek,Route 80,23.17,2.5
7/15/2021,Wharton Creek,Route 80,18.68,1.4
7/15/2021,Wharton Creek,Route 80,25.65,3.8
7/15/2021,Wharton Creek,Route 80,19.96,1.9
7/15/2021,Wharton Creek,Route 80,25.03,3.4
7/15/2021,Wharton Creek,Route 80,26.64,4
7/15/2021,Wharton Creek,Route 80,23.63,2.8
7/15/2021,Wharton Creek,Route 80,21.04,1.8
7/15/2021,Wharton Creek,Route 80,28.36,5.3
7/15/2021,Wharton Creek,Route 80,27.83,5.3
7/15/2021,Wharton Creek,Route 80,19.26,1.8
7/15/2021,Wharton Creek,Route 80,21.7,2.5
7/15/2021,Wharton Creek,Route 80,21.94,2.5
7/15/2021,Wharton Creek,Route 80,24.25,2.9
7/15/2021,Wharton Creek,Route 80,24.98,3.7
7/15/2021,Wharton Creek,Route 80,28.18,5.5
7/15/2021,Wharton Creek,Route 80,27.16,5.1
7/15/2021,Wharton Creek,Route 80,25.32,3.5
7/15/2021,Wharton Creek,Route 80,28.03,5.4
7/15/2021,Wharton Creek,Route 80,20.27,2.1
7/15/2021,Wharton Creek,Route 80,22.6,3.2
7/15/2021,Wharton Creek,Route 80,25.3,3.4
7/15/2021,Wharton Creek,Route 80,24.37,3.1
7/15/2021,Wharton Creek,Route 80,22.69,2.6
7/15/2021,Wharton Creek,Route 80,7.25,
7/15/2021,Wharton Creek,Route 80,8.92,
7/15/2021,Wharton Creek,Route 80,23.67,3.3
7/15/2021,Wharton Creek,Route 80,24.44,3.3
7/15/2021,Wharton Creek,Route 80,18.65,1
7/15/2021,Wharton Creek,Route 80,24.14,3.8
7/15/2021,Wharton Creek,Route 80,19.84,1.8
7/15/2021,Wharton Creek,Route 80,24.01,3.4
7/15/2021,Wharton Creek,Route 80,22.59,2.7
7/15/2021,Wharton Creek,Route 80,24.53,3.7
7/15/2021,Wharton Creek,Route 80,25.22,3.3
7/15/2021,Wharton Creek,Route 80,20.02,1.8
7/15/2021,Wharton Creek,Route 80,15.46,0.9
7/15/2021,Wharton Creek,Route 80,22.02,2.7
7/15/2021,Wharton Creek,Route 80,20.17,1.9
7/15/2021,Wharton Creek,Route 80,16.84,1.1
7/15/2021,Wharton Creek,Route 80,30.16,5.8
7/15/2021,Wharton Creek,Route 80,19.4,1.8
7/15/2021,Wharton Creek,Route 80,27.85,4.9
7/15/2021,Wharton Creek,Route 80,22.35,2.4
7/15/2021,Wharton Creek,Route 80,33.86,8.6
7/15/2021,Wharton Creek,Route 80,32.48,6.3
7/15/2021,Wharton Creek,Route 80,29.3,5.8
7/15/2021,Wharton Creek,Route 80,23.6,2.9
7/15/2021,Wharton Creek,Route 80,15.12,0.7
7/15/2021,Wharton Creek,Route 80,22.29,2.8
7/15/2021,Wharton Creek,Route 80,26.56,3.3
7/15/2021,Wharton Creek,Route 80,22.57,2.7
7/15/2021,Wharton Creek,Route 80,26.72,4.5
7/15/2021,Wharton Creek,Route 80,23.98,3.4
7/15/2021,Wharton Creek,Route 80,21.36,2.5
7/15/2021,Wharton Creek,Route 80,31.56,7.3
7/15/2021,Wharton Creek,Route 80,18.71,1.4
7/15/2021,Wharton Creek,Route 80,24.38,3.7
7/15/2021,Wharton Creek,Route 80,20.12,2.4
7/15/2021,Wharton Creek,Route 80,24.87,3.6
7/15/2021,Wharton Creek,Route 80,21.9,2.5
7/15/2021,Wharton Creek,Route 80,16.75,1.2
7/15/2021,Wharton Creek,Route 80,20.84,2.1
7/15/2021,Wharton Creek,Route 80,22.95,2.7
7/15/2021,Wharton Creek,Route 80,21.48,2.4
7/15/2021,Wharton Creek,Route 80,7.11,
7/15/2021,Wharton Creek,Route 80,5.88,
7/15/2021,Wharton Creek,Route 80,7.02,
7/27/2021,Charlotte Creek,Fortin Park,31.43,7.5
7/27/2021,Charlotte Creek,Fortin Park,31.41,7.4
7/27/2021,Charlotte Creek,Fortin Park,35.49,9.9
7/27/2021,Charlotte Creek,Fortin Park,33.3,9
7/27/2021,Charlotte Creek,Fortin Park,28.84,6
7/27/2021,Charlotte Creek,Fortin Park,27.39,5.7
7/27/2021,Charlotte Creek,Fortin Park,30.23,7
7/27/2021,Charlotte Creek,Fortin Park,28.92,6
7/27/2021,Charlotte Creek,Fortin Park,29.07,5.9
7/27/2021,Charlotte Creek,Fortin Park,26.47,4.5
7/27/2021,Charlotte Creek,Fortin Park,26.52,4.4
7/27/2021,Charlotte Creek,Fortin Park,38.28,11.9
7/27/2021,Charlotte Creek,Fortin Park,29.73,5.8
7/27/2021,Charlotte Creek,Fortin Park,27.93,5
7/27/2021,Charlotte Creek,Fortin Park,20.09,1.9
7/27/2021,Charlotte Creek,Fortin Park,25.03,3.4
7/27/2021,Charlotte Creek,Fortin Park,26.43,4.4
7/27/2021,Charlotte Creek,Fortin Park,27.62,5
7/27/2021,Charlotte Creek,Fortin Park,31.01,7.2
7/27/2021,Charlotte Creek,Fortin Park,23.49,2.9
7/27/2021,Charlotte Creek,Fortin Park,24.84,3.8
7/27/2021,Charlotte Creek,Fortin Park,24.71,3.3
7/27/2021,Charlotte Creek,Fortin Park,23.47,3.5
7/27/2021,Charlotte Creek,Fortin Park,23.52,3.2
7/27/2021,Charlotte Creek,Fortin Park,31.19,7
7/27/2021,Charlotte Creek,Fortin Park,24.53,3.2
7/27/2021,Charlotte Creek,Fortin Park,25.25,3.8
7/27/2021,Charlotte Creek,Fortin Park,22.84,2.8
7/27/2021,Charlotte Creek,Fortin Park,20.32,1.7
7/27/2021,Charlotte Creek,Fortin Park,25.37,3.9
7/27/2021,Charlotte Creek,Fortin Park,22.98,3.1
7/27/2021,Charlotte Creek,Fortin Park,23.44,2.9
7/27/2021,Charlotte Creek,Fortin Park,24.18,3.3
7/27/2021,Charlotte Creek,Fortin Park,24.84,3.7
7/27/2021,Charlotte Creek,Fortin Park,25.4,3.8
7/27/2021,Charlotte Creek,Fortin Park,21.24,2.2
7/27/2021,Charlotte Creek,Fortin Park,23.89,3.2
7/27/2021,Charlotte Creek,Fortin Park,20.63,2
7/27/2021,Charlotte Creek,Fortin Park,19.26,1.8
7/27/2021,Charlotte Creek,Fortin Park,23.36,2.7
7/27/2021,Charlotte Creek,Fortin Park,22.8,2.7
7/27/2021,Charlotte Creek,Fortin Park,22.18,2.7
7/27/2021,Charlotte Creek,Fortin Park,23.05,2.6
7/27/2021,Charlotte Creek,Fortin Park,17.83,1.8
7/27/2021,Charlotte Creek,Fortin Park,16.49,1
7/27/2021,Charlotte Creek,Fortin Park,18.29,1.5
7/27/2021,Charlotte Creek,Fortin Park,15.86,0.8
7/27/2021,Charlotte Creek,Fortin Park,7.58,
8/2/2021,Otego Creek,Route 23,29.39,5.8
8/2/2021,Otego Creek,Route 23,24.7,3.4
8/2/2021,Otego Creek,Route 23,23.86,3.1
8/2/2021,Otego Creek,Route 23,30.41,5.1
8/2/2021,Otego Creek,Route 23,9.42,
8/2/2021,Otego Creek,Route 23,29.12,5.1
8/2/2021,Otego Creek,Route 23,25.19,3.5
8/2/2021,Otego Creek,Route 23,21.39,2.2
