site_id,water,survey,year,nytme,nytmn,Detected
Albright Creek1,Albright Creek,719005,2019,409044,4727162,0
Albright Creek2,Albright Creek,719005,2019,410371,4732007,0
Aldrich Creek1,Aldrich Creek,407699,2007,481217,4711659,0
Aldrich Creek2,Aldrich Creek,407699,2007,480759,4716736,0
Apalachin Creek2,Apalachin Creek,787008,1987,404477,4652876,0
Apalachin Creek3,Apalachin Creek,787008,1987,404827,4652115,0
Avery Hollow Brook1,Avery Hollow Brook,810069,2010,299947,4706836,0
Babcock Hollow1,Babcock Hollow,797011,1997,403192,4701732,1
Baker Creek1,Baker Creek,815016,2015,287122,4682512,0
Baldwin Creek1,Baldwin Creek,889022,1989,359131,4665421,0
Balsam Creek2,Balsam Creek,710308,2010,438795,4708403,0
Banfield Creek1,Banfield Creek,811046,2011,365367,4680960,0
Banner Creek1,Banner Creek,407471,2007,490567,4701801,0
Barnard Creek1,Barnard Creek,892009,1992,329530,4661221,0
Bear Brook1,Bear Brook,793005,1993,448432,4693122,0
Bear Brook2,Bear Brook,793005,1993,449532,4692822,0
Bear Brook3,Bear Brook,793005,1993,452232,4692722,0
Bear Brook4,Bear Brook,793005,1993,454232,4694822,0
Beaver Brook1,Beaver Brook,807013,2007,350318,4669435,1
Beaver Brook1,Beaver Brook,811068,2011,350318,4669435,0
Beaver Brook1,Beaver Brook,812090,2012,350249,4669571,0
Beaver Brook1,Beaver Brook,889002,1989,350431,4669621,1
Beaver Brook1,Beaver Brook,892002,1992,350531,4668521,1
Beaver Brook2,Beaver Brook,807013,2007,350523,4668987,0
Beaver Brook2,Beaver Brook,812090,2012,350386,4669581,0
Beaver Brook2,Beaver Brook,892002,1992,350431,4669621,1
Beaver Brook3,Beaver Brook,807013,2007,350501,4668852,1
Beaver Brook3,Beaver Brook,811068,2011,350501,4668852,0
Beaver Brook3,Beaver Brook,892002,1992,351431,4670021,0
Beaver Creek1,Beaver Creek,792023,1992,473832,4739822,0
Beaver Creek2,Beaver Creek,792023,1992,473132,4738422,0
Beaver Creek3,Beaver Creek,792023,1992,474632,4733522,0
Belden Brook1,Belden Brook,705046,2005,448525,4670045,0
Belden Brook2,Belden Brook,705046,2005,447359,4670864,0
Bennetts Creek1,Bennetts Creek,810140,2010,278660,4659476,0
Bennetts Creek1,Bennetts Creek,817007,2017,278771,4659702,0
Bennetts Creek1,Bennetts Creek,889007,1989,280930,4666521,1
Bennetts Creek2,Bennetts Creek,810140,2010,279065,4661778,0
Bennetts Creek2,Bennetts Creek,817007,2017,278632,4659434,0
Bennetts Creek2,Bennetts Creek,889007,1989,280630,4664921,1
Big Brook1,Big Brook,409750,2009,468549,4676915,0
Black Brook1,Black Brook,409623,2009,504621,4722479,0
Blue Creek1,Blue Creek,707004,2007,398724,4721789,0
Blue Creek1,Blue Creek,709301,2009,400375,4718614,0
Borden Creek1,Borden Creek,810091,2010,328849,4675862,0
Borden Creek1,Borden Creek,815102,2015,328830,4675846,0
Borden Creek1,Borden Creek,816017,2016,329357,4672621,0
Boughton Creek1,Boughton Creek,893025,1993,298430,4693121,1
Bowman Creek1,Bowman Creek,708023,2008,447672,4694643,0
Bowman Creek1,Bowman Creek,794008,1994,445132,4697422,0
Bowman Creek1,Bowman Creek,794021,1994,443432,4707922,0
Bowman Creek2,Bowman Creek,708023,2008,445810,4694802,0
Bowman Creek2,Bowman Creek,794008,1994,445432,4699622,0
Bowman Creek3,Bowman Creek,794008,1994,445632,4701022,1
Bradley Brook2,Bradley Brook,711619,2011,449683,4741849,0
Bradley Brook3,Bradley Brook,711619,2011,452185,4740312,0
Brier Creek1,Brier Creek,409719,2009,482066,4691312,0
Brier Creek2,Brier Creek,409719,2009,479681,4699669,0
Bucks Brook1,Bucks Brook,722044,2022,437422,4726021,0
Bumps Creek2,Bumps Creek,711006,2011,456302,4675524,0
Bundy Hollow Brook1,Bundy Hollow Brook,409752,2009,466689,4677989,0
Bundy Hollow Brook2,Bundy Hollow Brook,409752,2009,469418,4680348,0
Butternut Creek1,Butternut Creek,411024,2011,489991,4730079,1
Butternut Creek1,Butternut Creek,413018,2013,489991,4730079,1
Butternut Creek1,Butternut Creek,416030,2016,490025,4730027,0
Butternut Creek1,Butternut Creek,422009,2022,489962,4730103,0
Butternut Creek1,Butternut Creek,425036,2025,490025,4730027,0
Butternut Creek1,Butternut Creek,493030,1993,480332,4710323,0
Butternut Creek2,Butternut Creek,411024,2011,489959,4727404,1
Butternut Creek2,Butternut Creek,413018,2013,489959,4727404,1
Butternut Creek2,Butternut Creek,416030,2016,489928,4727372,0
Butternut Creek2,Butternut Creek,422009,2022,489988,4727439,1
Butternut Creek2,Butternut Creek,425036,2025,489928,4727372,0
Butternut Creek3,Butternut Creek,411024,2011,488120,4723715,1
Butternut Creek3,Butternut Creek,413018,2013,488120,4723715,1
Butternut Creek3,Butternut Creek,416030,2016,488124,4723711,0
Butternut Creek3,Butternut Creek,422009,2022,481630,4711059,0
Butternut Creek3,Butternut Creek,425036,2025,488124,4723711,0
Butternut Creek3,Butternut Creek,493030,1993,484232,4715223,0
Butternut Creek4,Butternut Creek,411024,2011,486547,4721739,1
Butternut Creek4,Butternut Creek,413018,2013,486547,4721739,1
Butternut Creek4,Butternut Creek,416030,2016,486461,4721709,0
Butternut Creek4,Butternut Creek,422009,2022,480389,4710351,0
Butternut Creek4,Butternut Creek,425036,2025,486442,4721645,0
Butternut Creek4,Butternut Creek,493030,1993,485132,4719623,0
Butternut Creek5,Butternut Creek,411024,2011,484149,4715209,1
Butternut Creek5,Butternut Creek,413018,2013,484149,4715209,1
Butternut Creek5,Butternut Creek,416030,2016,484161,4715235,0
Butternut Creek5,Butternut Creek,425036,2025,484151,4715140,0
Butternut Creek5,Butternut Creek,493030,1993,487333,4722123,0
Butternut Creek6,Butternut Creek,411024,2011,480396,4710363,1
Butternut Creek6,Butternut Creek,413018,2013,480396,4710363,0
Butternut Creek6,Butternut Creek,416030,2016,480382,4710349,0
Butternut Creek6,Butternut Creek,425036,2025,480382,4710349,0
Butternut Creek6,Butternut Creek,493030,1993,488733,4725023,0
Butternut Creek7,Butternut Creek,411024,2011,478763,4708056,1
Butternut Creek7,Butternut Creek,413018,2013,478763,4708056,1
Butternut Creek7,Butternut Creek,416030,2016,478780,4708051,0
Butternut Creek7,Butternut Creek,425036,2025,478780,4708051,0
Butternut Creek7,Butternut Creek,493030,1993,490233,4728523,0
Button Creek1,Button Creek,711378,2011,478405,4737106,0
Cahoon Creek1,Cahoon Creek,408284,2008,474213,4702270,0
Calhoun Creek2,Calhoun Creek,407744,2007,478151,4712601,0
Callahan Brook1,Callahan Brook,711616,2011,445176,4751189,0
Callahan Brook1,Callahan Brook,723016,2023,447505,4748476,0
Callahan Brook2,Callahan Brook,711616,2011,442085,4751741,0
Callan Creek1,Callan Creek,719031,2019,402003,4730968,0
Campbell Brook1,Campbell Brook,409354,2009,480760,4741285,0
Campbell Brook2,Campbell Brook,409354,2009,484387,4742633,0
Campbell Creek1,Campbell Creek,893016,1993,302130,4689521,1
Campbell Creek2,Campbell Creek,893016,1993,293230,4686221,0
Canacadea Creek2,Canacadea Creek,994318,1994,273794,4687372,0
Canasawacta Creek2,Canasawacta Creek,709007,2009,448008,4716700,1
Canisteo River1,Canisteo River,802013,2002,322646,4663834,0
Canisteo River2,Canisteo River,802013,2002,316538,4664063,0
Canisteo River3,Canisteo River,802013,2002,309978,4665218,0
Canisteo River4,Canisteo River,802013,2002,307641,4671626,0
Canisteo River5,Canisteo River,802013,2002,300705,4675173,0
Canisteo River6,Canisteo River,802013,2002,300599,4677248,0
Canisteo River7,Canisteo River,802013,2002,297653,4680265,0
Carrs Creek1,Carrs Creek,405013,2005,474014,4683501,0
Carrs Creek1,Carrs Creek,415024,2015,479716,4682714,0
Carrs Creek1,Carrs Creek,416031,2016,484615,4681092,0
Carrs Creek1,Carrs Creek,417054,2017,484615,4681092,0
Carrs Creek2,Carrs Creek,415024,2015,480743,4682245,1
Carrs Creek2,Carrs Creek,416031,2016,482478,4682093,0
Carrs Creek2,Carrs Creek,417054,2017,482478,4682093,0
Carrs Creek3,Carrs Creek,405013,2005,478626,4682234,0
Carrs Creek3,Carrs Creek,415024,2015,482478,4682093,0
Carrs Creek4,Carrs Creek,405013,2005,480995,4682267,0
Carrs Creek4,Carrs Creek,415024,2015,484612,4681007,0
Carrs Creek5,Carrs Creek,405013,2005,482652,4681666,0
Carrs Creek6,Carrs Creek,405013,2005,484610,4680988,0
Cascade Creek1,Cascade Creek,717001,2017,452073,4649926,0
Castle Creek1,Castle Creek,801017,2001,297345,4700112,0
Castle Creek1,Castle Creek,810052,2010,296130,4697971,0
Castle Creek1,Castle Creek,811053,2011,296104,4697960,0
Castle Creek1,Castle Creek,814229,2014,296831,4699415,0
Castle Creek1,Castle Creek,894111,1994,296230,4698621,0
Castle Creek1,Castle Creek,896007,1996,297395,4700064,0
Castle Creek1,Castle Creek,896013,1996,296285,4698128,0
Castle Creek2,Castle Creek,896013,1996,296359,4698724,0
Catatonk Creek1,Catatonk Creek,707901,2007,376809,4674103,0
Cayuta Creek1,Cayuta Creek,794012,1994,371131,4667321,0
Cayuta Creek1,Cayuta Creek,801020,2001,371378,4666423,0
Cayuta Creek1,Cayuta Creek,890016,1990,371331,4666521,1
Cayuta Creek10,Cayuta Creek,890016,1990,358031,4685922,1
Cayuta Creek11,Cayuta Creek,898007,1998,369980,4673627,0
Cayuta Creek12,Cayuta Creek,801020,2001,366947,4676300,0
Cayuta Creek12,Cayuta Creek,818020,2018,367063,4676329,0
Cayuta Creek12,Cayuta Creek,823015,2023,367114,4676269,0
Cayuta Creek2,Cayuta Creek,794012,1994,371331,4666421,0
Cayuta Creek2,Cayuta Creek,801020,2001,371081,4669498,0
Cayuta Creek2,Cayuta Creek,890016,1990,371031,4669522,1
Cayuta Creek3,Cayuta Creek,794012,1994,371731,4665321,0
Cayuta Creek3,Cayuta Creek,801020,2001,370717,4672165,0
Cayuta Creek3,Cayuta Creek,890016,1990,370731,4672222,1
Cayuta Creek3,Cayuta Creek,898007,1998,370732,4672171,0
Cayuta Creek4,Cayuta Creek,794012,1994,372131,4663821,0
Cayuta Creek4,Cayuta Creek,801020,2001,368114,4675050,0
Cayuta Creek4,Cayuta Creek,818020,2018,368223,4674776,0
Cayuta Creek4,Cayuta Creek,823015,2023,368332,4674531,0
Cayuta Creek4,Cayuta Creek,890016,1990,368131,4674922,1
Cayuta Creek4,Cayuta Creek,898007,1998,368129,4674890,0
Cayuta Creek5,Cayuta Creek,794012,1994,372031,4661121,0
Cayuta Creek5,Cayuta Creek,890016,1990,366331,4676722,1
Cayuta Creek5,Cayuta Creek,898007,1998,366349,4676705,0
Cayuta Creek6,Cayuta Creek,801020,2001,364797,4678101,0
Cayuta Creek6,Cayuta Creek,890016,1990,364831,4678022,0
Cayuta Creek7,Cayuta Creek,801020,2001,362629,4679158,0
Cayuta Creek7,Cayuta Creek,890016,1990,362631,4679122,1
Cayuta Creek8,Cayuta Creek,801020,2001,361274,4681016,0
Cayuta Creek8,Cayuta Creek,818020,2018,361253,4681012,0
Cayuta Creek8,Cayuta Creek,823015,2023,361278,4681012,0
Cayuta Creek8,Cayuta Creek,890016,1990,361031,4681222,1
Cayuta Creek9,Cayuta Creek,801020,2001,358818,4683841,0
Cayuta Creek9,Cayuta Creek,818020,2018,358836,4683806,0
Cayuta Creek9,Cayuta Creek,823015,2023,358810,4683845,0
Cayuta Creek9,Cayuta Creek,890016,1990,358731,4683822,1
Center Brook1,Center Brook,409440,2009,528899,4697463,0
Center Brook1,Center Brook,711456,2011,471155,4723310,0
Center Brook2,Center Brook,409440,2009,520074,4699120,0
Center Brook2,Center Brook,711456,2011,468385,4728955,0
Center Valley Brook1,Center Valley Brook,409441,2009,524024,4708246,0
Center Valley Brook2,Center Valley Brook,409441,2009,526445,4716016,0
Chaffee Creek1,Chaffee Creek,722024,2022,363004,4685991,0
Chamberlain Brook1,Chamberlain Brook,810020,2010,300953,4691912,0
Chamberlain Brook1,Chamberlain Brook,814212,2014,300946,4691903,0
Chamberlain Brook1,Chamberlain Brook,815078,2015,300946,4691903,0
Chamberlain Brook1,Chamberlain Brook,816016,2016,300958,4691904,0
Chamberlain Brook1,Chamberlain Brook,816026,2016,300983,4691903,0
Chamberlain Brook1,Chamberlain Brook,817021,2017,300983,4691903,0
Chamberlain Brook2,Chamberlain Brook,815101,2015,300977,4691900,0
Chamberlain Brook2,Chamberlain Brook,816026,2016,300011,4691628,0
Chamberlain Brook2,Chamberlain Brook,817021,2017,300084,4691655,0
Chamberlain Brook2,Chamberlain Brook,893022,1993,302130,4692021,0
Chamberlain Brook3,Chamberlain Brook,815101,2015,300112,4691659,0
Chamberlain Brook3,Chamberlain Brook,893022,1993,299630,4691021,0
Charlotte Creek1,Charlotte Creek,407025,2007,498741,4699755,0
Charlotte Creek1,Charlotte Creek,416018,2016,530279,4712664,0
Charlotte Creek1,Charlotte Creek,416021,2016,506120,4699191,1
Charlotte Creek10,Charlotte Creek,416018,2016,508238,4700840,0
Charlotte Creek11,Charlotte Creek,407025,2007,528428,4710906,0
Charlotte Creek11,Charlotte Creek,416018,2016,505047,4699093,0
Charlotte Creek12,Charlotte Creek,407025,2007,530512,4712719,0
Charlotte Creek12,Charlotte Creek,416018,2016,502286,4699122,0
Charlotte Creek13,Charlotte Creek,416018,2016,498681,4700028,0
Charlotte Creek2,Charlotte Creek,407025,2007,501754,4698991,0
Charlotte Creek2,Charlotte Creek,416018,2016,528533,4711041,0
Charlotte Creek3,Charlotte Creek,407025,2007,504809,4699137,0
Charlotte Creek4,Charlotte Creek,407025,2007,508279,4700805,0
Charlotte Creek4,Charlotte Creek,416018,2016,525649,4708702,0
Charlotte Creek5,Charlotte Creek,407025,2007,512418,4702607,0
Charlotte Creek5,Charlotte Creek,416018,2016,524479,4707875,0
Charlotte Creek6,Charlotte Creek,416018,2016,520966,4707027,0
Charlotte Creek7,Charlotte Creek,407025,2007,517781,4705529,0
Charlotte Creek7,Charlotte Creek,416018,2016,517782,4705524,0
Charlotte Creek8,Charlotte Creek,407025,2007,520837,4706966,0
Charlotte Creek8,Charlotte Creek,416018,2016,515187,4703449,0
Charlotte Creek9,Charlotte Creek,407025,2007,524475,4707870,0
Charlotte Creek9,Charlotte Creek,416018,2016,512338,4702681,0
Chase Creek1,Chase Creek,409616,2009,503239,4722833,0
Chemung River1,Chemung River,806010,2006,350324,4660866,0
Chemung River14,Chemung River,889004,1989,340031,4665421,0
Chemung River18,Chemung River,801024,2001,351911,4661056,0
Chemung River2,Chemung River,891016,1991,370931,4651121,0
Chemung River3,Chemung River,891016,1991,354331,4657621,1
Chemung River4,Chemung River,891016,1991,340131,4664921,0
Chenango River1,Chenango River,700028,2000,446332,4751022,0
Chenango River1,Chenango River,708901,2008,447442,4748561,0
Chenango River1,Chenango River,710004,2010,458177,4725344,0
Chenango River1,Chenango River,725034,2025,447857,4747956,0
Chenango River1,Chenango River,794049,1994,453332,4738522,0
Chenango River2,Chenango River,723015,2023,449933,4745363,0
Chenango River2,Chenango River,725034,2025,447453,4748564,0
Chenango River2,Chenango River,794049,1994,452732,4740022,0
Chenango River3,Chenango River,794049,1994,451532,4743222,0
Chenango River4,Chenango River,794049,1994,450532,4744522,0
Chenango River6,Chenango River,794049,1994,447532,4748422,0
Chenango River7,Chenango River,794049,1994,446832,4749822,0
Cheningo Creek1,Cheningo Creek,725035,2025,419470,4721867,0
Cheningo Creek2,Cheningo Creek,725035,2025,420486,4720823,0
Cherry Valley Creek1,Cherry Valley Creek,417904,2017,512891,4726288,0
Cherry Valley Creek2,Cherry Valley Creek,424044,2024,515275,4727882,0
Cherry Valley Creek4,Cherry Valley Creek,424044,2024,509618,4720030,0
Choconut Creek1,Choconut Creek,723014,2023,412188,4660196,0
Clapper Hollow Brook1,Clapper Hollow Brook,409252,2009,524923,4707696,0
Cohocton River1,Cohocton River,800005,2000,306111,4692164,0
Cohocton River1,Cohocton River,807020,2007,306111,4692164,0
Cohocton River1,Cohocton River,810156,2010,291632,4714680,0
Cohocton River1,Cohocton River,812165,2012,291916,4715971,0
Cohocton River1,Cohocton River,812184,2012,296734,4704016,0
Cohocton River1,Cohocton River,813017,2013,296736,4703829,0
Cohocton River1,Cohocton River,814097,2014,296736,4703829,0
Cohocton River1,Cohocton River,815036,2015,292265,4718902,1
Cohocton River1,Cohocton River,815133,2015,292270,4718908,0
Cohocton River1,Cohocton River,816023,2016,292269,4718938,0
Cohocton River1,Cohocton River,816027,2016,292280,4718905,0
Cohocton River1,Cohocton River,817022,2017,292310,4719090,0
Cohocton River1,Cohocton River,819021,2019,299545,4699917,0
Cohocton River1,Cohocton River,821012,2021,299545,4699917,0
Cohocton River1,Cohocton River,823018,2023,299545,4699917,0
Cohocton River1,Cohocton River,824013,2024,306348,4692204,0
Cohocton River1,Cohocton River,894053,1994,294330,4708021,1
Cohocton River1,Cohocton River,895007,1995,300430,4698921,0
Cohocton River1,Cohocton River,897002,1997,298730,4701121,0
Cohocton River1,Cohocton River,898005,1998,299430,4700821,0
Cohocton River10,Cohocton River,800005,2000,296610,4702197,0
Cohocton River11,Cohocton River,800005,2000,296725,4703975,0
Cohocton River11,Cohocton River,801016,2001,296744,4703897,0
Cohocton River11,Cohocton River,807020,2007,296744,4703897,0
Cohocton River11,Cohocton River,824013,2024,296734,4703924,0
Cohocton River12,Cohocton River,800005,2000,295856,4705023,0
Cohocton River12,Cohocton River,807020,2007,295856,4705023,0
Cohocton River13,Cohocton River,800005,2000,294415,4708091,0
Cohocton River13,Cohocton River,801016,2001,294270,4707714,0
Cohocton River13,Cohocton River,807020,2007,294270,4707714,0
Cohocton River14,Cohocton River,800005,2000,294665,4708778,0
Cohocton River15,Cohocton River,800005,2000,294725,4708849,0
Cohocton River15,Cohocton River,807020,2007,294725,4708849,0
Cohocton River16,Cohocton River,800005,2000,296558,4709825,0
Cohocton River17,Cohocton River,800005,2000,296825,4713932,0
Cohocton River2,Cohocton River,810156,2010,294299,4714367,0
Cohocton River2,Cohocton River,812165,2012,291762,4715774,0
Cohocton River2,Cohocton River,813017,2013,296379,4704164,0
Cohocton River2,Cohocton River,814097,2014,296379,4704164,0
Cohocton River2,Cohocton River,815133,2015,292327,4719166,0
Cohocton River2,Cohocton River,816027,2016,292615,4723925,0
Cohocton River2,Cohocton River,817022,2017,292559,4723074,0
Cohocton River2,Cohocton River,819021,2019,299412,4700766,0
Cohocton River2,Cohocton River,821012,2021,299412,4700766,0
Cohocton River2,Cohocton River,823018,2023,299412,4700766,0
Cohocton River2,Cohocton River,824013,2024,299543,4699912,0
Cohocton River2,Cohocton River,894053,1994,294530,4708421,0
Cohocton River2,Cohocton River,895007,1995,299430,4700821,0
Cohocton River2,Cohocton River,898005,1998,296830,4704121,0
Cohocton River3,Cohocton River,800005,2000,303901,4695288,0
Cohocton River3,Cohocton River,807020,2007,303901,4695288,0
Cohocton River3,Cohocton River,815133,2015,292557,4722990,0
Cohocton River3,Cohocton River,816027,2016,292556,4722990,0
Cohocton River3,Cohocton River,819021,2019,298096,4701426,0
Cohocton River3,Cohocton River,824013,2024,292289,4714501,0
Cohocton River3,Cohocton River,895007,1995,296630,4702121,0
Cohocton River3,Cohocton River,898005,1998,306530,4692021,0
Cohocton River4,Cohocton River,800005,2000,303413,4695494,0
Cohocton River4,Cohocton River,801016,2001,303444,4695491,0
Cohocton River4,Cohocton River,807020,2007,303444,4695491,0
Cohocton River4,Cohocton River,815133,2015,292829,4724385,0
Cohocton River4,Cohocton River,819021,2019,296749,4703884,0
Cohocton River4,Cohocton River,824013,2024,296596,4709618,0
Cohocton River4,Cohocton River,898005,1998,301930,4695321,0
Cohocton River5,Cohocton River,800005,2000,302266,4696212,0
Cohocton River5,Cohocton River,807020,2007,302266,4696212,0
Cohocton River5,Cohocton River,815133,2015,292982,4725483,0
Cohocton River5,Cohocton River,819021,2019,295848,4706143,0
Cohocton River5,Cohocton River,824013,2024,302326,4696192,0
Cohocton River6,Cohocton River,800005,2000,300611,4697165,0
Cohocton River6,Cohocton River,807020,2007,300611,4697165,0
Cohocton River6,Cohocton River,824013,2024,292272,4718916,0
Cohocton River7,Cohocton River,800005,2000,300392,4698872,0
Cohocton River7,Cohocton River,801016,2001,300286,4698975,0
Cohocton River7,Cohocton River,807020,2007,300286,4698975,0
Cohocton River8,Cohocton River,800005,2000,299214,4700876,0
Cohocton River8,Cohocton River,801016,2001,299290,4700932,0
Cohocton River8,Cohocton River,807020,2007,299290,4700932,0
Cohocton River8,Cohocton River,824013,2024,299409,4700761,0
Cohocton River9,Cohocton River,800005,2000,298170,4701396,0
Cohocton River9,Cohocton River,801016,2001,298021,4701382,0
Cohocton River9,Cohocton River,807020,2007,298021,4701382,0
Cold Brook1,Cold Brook,708039,2008,455158,4717940,0
Cold Brook1,Cold Brook,711687,2011,456003,4717482,0
Cold Brook1,Cold Brook,719030,2019,402255,4730638,0
Cold Brook2,Cold Brook,708039,2008,455156,4717899,0
Cold Brook2,Cold Brook,711687,2011,452508,4722229,0
Cold Brook2,Cold Brook,719030,2019,401902,4732296,0
Cold Brook3,Cold Brook,708039,2008,455268,4717787,0
Cold Spring Brook1,Cold Spring Brook,711622,2011,446333,4734226,0
Cold Spring Brook2,Cold Spring Brook,711622,2011,453070,4729005,0
Coldbrook Creek1,Coldbrook Creek,892003,1992,353431,4657321,1
Coldbrook Creek2,Coldbrook Creek,892003,1992,352131,4658421,1
Colt Brook1,Colt Brook,710306,2010,438878,4723320,0
Cooper Creek1,Cooper Creek,411199,2011,489302,4705666,0
Copes Brook1,Copes Brook,407724,2007,471432,4698611,0
Cotton Creek1,Cotton Creek,810063,2010,298335,4698211,0
Cotton Creek1,Cotton Creek,815042,2015,299186,4699130,0
Coye Brook1,Coye Brook,408282,2008,474036,4703431,0
Crawford Brook1,Crawford Brook,409249,2009,508546,4701169,0
Crocker Creek2,Crocker Creek,717041,2017,407323,4670868,1
Crocker Creek3,Crocker Creek,717041,2017,407799,4670118,1
Culver Creek1,Culver Creek,810026,2010,310443,4685819,0
Culver Creek1,Culver Creek,814214,2014,309716,4686060,0
Culver Creek2,Culver Creek,704022,2004,412286,4691174,0
Culver Creek2,Culver Creek,810026,2010,307708,4686555,0
Culver Creek2,Culver Creek,814214,2014,311162,4685982,0
Cutler Creek1,Cutler Creek,810090,2010,333010,4676590,0
Cutler Creek1,Cutler Creek,892004,1992,332331,4675221,0
Cutler Creek2,Cutler Creek,892004,1992,333031,4676622,0
Cutler Creek3,Cutler Creek,892004,1992,333831,4677622,0
Decatur Creek1,Decatur Creek,409164,2009,520242,4715310,0
Deer Lick Run1,Deer Lick Run,892011,1992,309530,4705421,0
Dennis Creek1,Dennis Creek,894033,1994,291230,4672021,0
Dona Brook1,Dona Brook,409237,2009,509605,4701935,0
Dona Brook2,Dona Brook,409237,2009,510023,4702846,0
Dry Creek1,Dry Creek,709302,2009,399564,4718055,0
Dry Creek2,Dry Creek,709302,2009,397972,4720036,0
Dry Run1,Dry Run,810011,2010,331420,4678892,0
Dry Run1,Dry Run,811109,2011,328871,4678272,0
Dry Run1,Dry Run,816022,2016,328203,4679180,0
Dry Run2,Dry Run,816022,2016,328203,4679180,0
Dry Run3,Dry Run,816022,2016,326725,4679000,0
Dudley Creek1,Dudley Creek,724013,2024,411032,4690222,0
Dudley Creek1,Dudley Creek,795014,1995,411032,4690222,0
Dudley Creek2,Dudley Creek,724013,2024,412618,4690091,0
Dudley Creek2,Dudley Creek,795014,1995,409032,4690722,0
Dundee Brook1,Dundee Brook,409436,2009,486916,4735149,0
Dundee Brook2,Dundee Brook,409436,2009,491858,4737538,0
Dunderberg Creek1,Dunderberg Creek,408283,2008,473309,4702251,0
East Branch Handsome Brook1,East Branch Handsome Brook,409763,2009,487301,4686665,0
East Branch Handsome Brook2,East Branch Handsome Brook,409763,2009,493603,4683847,0
East Branch Otsdawa Creek1,East Branch Otsdawa Creek,409701,2009,485218,4706064,0
East Branch Otsdawa Creek1,East Branch Otsdawa Creek,493035,1993,485632,4697123,0
East Branch Otsdawa Creek2,East Branch Otsdawa Creek,409701,2009,485822,4703647,0
East Branch Otsdawa Creek2,East Branch Otsdawa Creek,493035,1993,485732,4701323,0
East Branch Otsdawa Creek3,East Branch Otsdawa Creek,409701,2009,485606,4697107,0
East Branch Otsdawa Creek3,East Branch Otsdawa Creek,493035,1993,485832,4703623,0
East Branch Owego Creek1,East Branch Owego Creek,717009,2017,401049,4695950,0
East Branch Owego Creek1,East Branch Owego Creek,725012,2025,402168,4694044,0
East Branch Owego Creek1,East Branch Owego Creek,791007,1991,400332,4672122,0
East Branch Owego Creek1,East Branch Owego Creek,795015,1995,402331,4686922,0
East Branch Owego Creek1,East Branch Owego Creek,798017,1998,405731,4699422,0
East Branch Owego Creek2,East Branch Owego Creek,723011,2023,401431,4688422,0
East Branch Owego Creek2,East Branch Owego Creek,791007,1991,397532,4669722,0
East Branch Owego Creek2,East Branch Owego Creek,795015,1995,401431,4688422,0
East Branch Owego Creek2,East Branch Owego Creek,798017,1998,406931,4702622,0
East Branch Owego Creek3,East Branch Owego Creek,723011,2023,401331,4690322,0
East Branch Owego Creek3,East Branch Owego Creek,791007,1991,399432,4670722,1
East Branch Owego Creek3,East Branch Owego Creek,795015,1995,401331,4690322,0
East Branch Owego Creek4,East Branch Owego Creek,723011,2023,401631,4691922,0
East Branch Owego Creek4,East Branch Owego Creek,795015,1995,401631,4691922,0
East Branch Owego Creek5,East Branch Owego Creek,723011,2023,401831,4694522,0
East Branch Owego Creek5,East Branch Owego Creek,795015,1995,401831,4694522,0
East Branch Owego Creek6,East Branch Owego Creek,795015,1995,400931,4696222,0
East Branch Tioughnioga C1,East Branch Tioughnioga C,795017,1995,427432,4734722,0
East Branch Tioughnioga C2,East Branch Tioughnioga C,795017,1995,429932,4733922,0
East Branch Tioughnioga R1,East Branch Tioughnioga R,709312,2009,434192,4739533,0
East Branch Tioughnioga R1,East Branch Tioughnioga R,791025,1991,411950,4725122,0
East Branch Tioughnioga R2,East Branch Tioughnioga R,791025,1991,411034,4724895,0
East Branch Tioughnioga R3,East Branch Tioughnioga R,791025,1991,409768,4723819,0
East Branch Tioughnioga R4,East Branch Tioughnioga R,791025,1991,409463,4723722,0
East Branch Tioughnioga R5,East Branch Tioughnioga R,791025,1991,408396,4722126,0
East Branch Tioughnioga R5,East Branch Tioughnioga R,793030,1993,416631,4729222,0
East Branch Tioughnioga R6,East Branch Tioughnioga R,791025,1991,408217,4721853,0
East Branch Tioughnioga R7,East Branch Tioughnioga R,791025,1991,405870,4719731,0
East Branch Tioughnioga R8,East Branch Tioughnioga R,791025,1991,405691,4719386,0
East Creek1,East Creek,810106,2010,340213,4681799,0
East Masonville Creek1,East Masonville Creek,409747,2009,469892,4676871,0
East Masonville Creek1,East Masonville Creek,493032,1993,469932,4676923,0
East Masonville Creek2,East Masonville Creek,493032,1993,471532,4676723,0
East Masonville Creek3,East Masonville Creek,493032,1993,473232,4678023,0
East Wayland Creek1,East Wayland Creek,810112,2010,291092,4713899,0
East Wayland Creek1,East Wayland Creek,816031,2016,291077,4713818,0
East Wayland Creek2,East Wayland Creek,816031,2016,291415,4713963,0
Eaton Brook1,Eaton Brook,711618,2011,444131,4745856,0
Eddy Brook1,Eddy Brook,708026,2008,448971,4693241,0
Eddy Brook3,Eddy Brook,708026,2008,451572,4696240,0
Electric Light Stream2,Electric Light Stream,711617,2011,440929,4750109,0
Elk Creek1,Elk Creek,405007,2005,513870,4711989,0
Elk Creek1,Elk Creek,425024,2025,512964,4710202,0
Elk Creek2,Elk Creek,405007,2005,514116,4714037,0
Elk Creek2,Elk Creek,425024,2025,513859,4711937,0
Elk Creek3,Elk Creek,405007,2005,514790,4716593,0
Elk Creek3,Elk Creek,425024,2025,514818,4716629,0
Elk Creek4,Elk Creek,405007,2005,514791,4718180,0
Elk Creek4,Elk Creek,425024,2025,514786,4718091,0
Elk Creek5,Elk Creek,405007,2005,516804,4722030,0
Erwin Creek1,Erwin Creek,810092,2010,329856,4674565,0
Fabius Brook1,Fabius Brook,700017,2000,421032,4739922,0
Fabius Brook1,Fabius Brook,723008,2023,421032,4739922,0
Fabius Brook2,Fabius Brook,700017,2000,420532,4740622,0
Fabius Brook2,Fabius Brook,723008,2023,420532,4740622,0
Fabius Brook3,Fabius Brook,700017,2000,419231,4741822,0
Fabius Brook3,Fabius Brook,723008,2023,419231,4741822,1
Fabius Brook4,Fabius Brook,700017,2000,418431,4742822,0
Fabius Brook4,Fabius Brook,723008,2023,418431,4742822,1
Factory Brook1,Factory Brook,715017,2015,401468,4722785,0
Factory Brook1,Factory Brook,725031,2025,398540,4728196,0
Factory Brook2,Factory Brook,715017,2015,399821,4726169,0
Factory Brook2,Factory Brook,725031,2025,401468,4722779,0
Factory Brook3,Factory Brook,725031,2025,403130,4722214,0
Fairbrothers Brook1,Fairbrothers Brook,810037,2010,292001,4703716,0
Fairbrothers Brook1,Fairbrothers Brook,893043,1993,296130,4703521,1
Fairbrothers Brook2,Fairbrothers Brook,893043,1993,294130,4703421,0
Fairbrothers Brook3,Fairbrothers Brook,893043,1993,291930,4703721,0
Five Streams1,Five Streams,718015,2018,435941,4698170,0
Fivemile Creek1,Fivemile Creek,812074,2012,317966,4718604,0
Flax Island Creek1,Flax Island Creek,409678,2009,484827,4692981,0
Flax Island Creek2,Flax Island Creek,409678,2009,482260,4698914,0
Fly Brook1,Fly Brook,409437,2009,486524,4732311,0
Fly Creek1,Fly Creek,409540,2009,503522,4738477,0
Fly Creek1,Fly Creek,415042,2015,501503,4729324,0
Fly Creek1,Fly Creek,416036,2016,503553,4738495,0
Fly Creek1,Fly Creek,417061,2017,503553,4738495,0
Fly Creek1,Fly Creek,711682,2011,455251,4721193,0
Fly Creek2,Fly Creek,409540,2009,501737,4728503,0
Fly Creek2,Fly Creek,415042,2015,503553,4738495,0
Fly Creek2,Fly Creek,417061,2017,503139,4737776,0
Fly Creek3,Fly Creek,409540,2009,501975,4730774,0
Fly Meadow Creek1,Fly Meadow Creek,710309,2010,451612,4702258,0
Fly Meadow Creek1,Fly Meadow Creek,725037,2025,452770,4701133,0
Fly Meadow Creek2,Fly Meadow Creek,725037,2025,451636,4702273,1
Fly Meadow Creek3,Fly Meadow Creek,725037,2025,449988,4706722,0
Fly Meadow Creek4,Fly Meadow Creek,725037,2025,449404,4707624,0
Gay Creek1,Gay Creek,409816,2009,494790,4693005,0
Gee Brook1,Gee Brook,717021,2017,421409,4710224,1
Gee Brook1,Gee Brook,717024,2017,423275,4708858,0
Gee Brook1,Gee Brook,717028,2017,424581,4706978,0
Gee Brook1,Gee Brook,717029,2017,423963,4708132,0
Genegantslet Creek1,Genegantslet Creek,700020,2000,433732,4688822,1
Genegantslet Creek1,Genegantslet Creek,717046,2017,439914,4709429,0
Genegantslet Creek1,Genegantslet Creek,725011,2025,439916,4709424,0
Genegantslet Creek1,Genegantslet Creek,789017,1989,434932,4697022,1
Genegantslet Creek1,Genegantslet Creek,793016,1993,433832,4693922,0
Genegantslet Creek10,Genegantslet Creek,793016,1993,441032,4711322,0
Genegantslet Creek2,Genegantslet Creek,700020,2000,434232,4690612,0
Genegantslet Creek2,Genegantslet Creek,717046,2017,437845,4702183,1
Genegantslet Creek2,Genegantslet Creek,725011,2025,437837,4701597,0
Genegantslet Creek2,Genegantslet Creek,789017,1989,439432,4707822,1
Genegantslet Creek2,Genegantslet Creek,793016,1993,435032,4697122,0
Genegantslet Creek3,Genegantslet Creek,700020,2000,433432,4692122,0
Genegantslet Creek3,Genegantslet Creek,717046,2017,436543,4699062,0
Genegantslet Creek3,Genegantslet Creek,725011,2025,436542,4699057,0
Genegantslet Creek3,Genegantslet Creek,789017,1989,439832,4709422,1
Genegantslet Creek3,Genegantslet Creek,793016,1993,435932,4698022,0
Genegantslet Creek4,Genegantslet Creek,717046,2017,434987,4697008,0
Genegantslet Creek4,Genegantslet Creek,725011,2025,434974,4696968,0
Genegantslet Creek4,Genegantslet Creek,793016,1993,436632,4699122,0
Genegantslet Creek5,Genegantslet Creek,717046,2017,433862,4693832,0
Genegantslet Creek5,Genegantslet Creek,793016,1993,437832,4702022,0
Genegantslet Creek6,Genegantslet Creek,793016,1993,437632,4705322,0
Genegantslet Creek7,Genegantslet Creek,793016,1993,437932,4701122,0
Genegantslet Creek8,Genegantslet Creek,793016,1993,439832,4709422,0
Genegantslet Creek9,Genegantslet Creek,793016,1993,438432,4706422,0
Gifford Creek1,Gifford Creek,409654,2009,499032,4701212,0
Gilmore Brook1,Gilmore Brook,708006,2008,455554,4705954,0
Gilmore Brook2,Gilmore Brook,708006,2008,454417,4708051,0
Gilmore Brook3,Gilmore Brook,708006,2008,453280,4710077,0
Goff Creek1,Goff Creek,806013,2006,294191,4691860,0
Goff Creek1,Goff Creek,810056,2010,297482,4692975,0
Goff Creek1,Goff Creek,889005,1989,301530,4695721,0
Goff Creek2,Goff Creek,806013,2006,294761,4692362,1
Goff Creek2,Goff Creek,889005,1989,299930,4694121,1
Goff Creek3,Goff Creek,810056,2010,295130,4692559,0
Goff Creek3,Goff Creek,889005,1989,298430,4693221,0
Goff Creek4,Goff Creek,889005,1989,296230,4692921,0
Great Brook1,Great Brook,711458,2011,467655,4716862,0
Great Brook2,Great Brook,711458,2011,468150,4720292,0
Gridley Creek1,Gridley Creek,700032,2000,409345,4705181,1
Halbert Brook1,Halbert Brook,407725,2007,472081,4700093,0
Halfway Brook1,Halfway Brook,719019,2019,425535,4691026,0
Halfway Brook1,Halfway Brook,719025,2019,428142,4694439,0
Handsome Brook1,Handsome Brook,409779,2009,484967,4685401,0
Handsome Brook1,Handsome Brook,711511,2011,466778,4732282,0
Handsome Brook1,Handsome Brook,711655,2011,459971,4730466,0
Handsome Brook1,Handsome Brook,715019,2015,459943,4730351,0
Handsome Brook1,Handsome Brook,797016,1997,458732,4726822,0
Handsome Brook2,Handsome Brook,715019,2015,462823,4731163,0
Handsome Brook2,Handsome Brook,797016,1997,459032,4727822,0
Handsome Brook3,Handsome Brook,715019,2015,464365,4732284,0
Harrisburg Hollow Brook2,Harrisburg Hollow Brook,810070,2010,306837,4691663,0
Harrison Creek1,Harrison Creek,407473,2007,490350,4703821,0
Harrison Creek2,Harrison Creek,407473,2007,484669,4708250,0
Hayden Creek1,Hayden Creek,405016,2005,509574,4741012,0
Hayden Creek1,Hayden Creek,425056,2025,509566,4740954,1
Hayden Creek2,Hayden Creek,405016,2005,510656,4742795,0
Hayden Creek3,Hayden Creek,405016,2005,511374,4744333,0
Herkimer Creek1,Herkimer Creek,409530,2009,496572,4738084,0
Hinkle Hollow Brook1,Hinkle Hollow Brook,814198,2014,293573,4709422,0
Hinman Hollow Brook1,Hinman Hollow Brook,409625,2009,504471,4715857,0
Hinman Hollow Brook2,Hinman Hollow Brook,409625,2009,502871,4716058,0
Houghtaling Hollow Brook1,Houghtaling Hollow Brook,409814,2009,500203,4691571,0
Hoyt Creek1,Hoyt Creek,797010,1997,390431,4669922,0
Hunt Creek1,Hunt Creek,711466,2011,461758,4740153,0
Ideuma Brook1,Ideuma Brook,409347,2009,471501,4690061,0
Indian Brook1,Indian Brook,718016,2018,431168,4686776,0
Indian Brook1,Indian Brook,718022,2018,433976,4684271,1
Indian Creek2,Indian Creek,409712,2009,476966,4693250,0
Ivanhoe Brook1,Ivanhoe Brook,409742,2009,472573,4676053,0
Jackson Creek1,Jackson Creek,811102,2011,356814,4671102,0
Jackson Creek1,Jackson Creek,890018,1990,365331,4678222,0
Jones Brook1,Jones Brook,814218,2014,296621,4707276,0
Jones Brook1,Jones Brook,894054,1994,295930,4706321,0
Kedron Brook1,Kedron Brook,708015,2008,440334,4695555,0
Kedron Brook1,Kedron Brook,797034,1997,440132,4698322,1
Kedron Brook2,Kedron Brook,797034,1997,439932,4699722,0
Kelsey Brook1,Kelsey Brook,702049,2002,456907,4676066,0
Kenney Brook1,Kenney Brook,709326,2009,414076,4731229,0
Kenney Brook2,Kenney Brook,709326,2009,412956,4734677,0
Kenney Brook3,Kenney Brook,709326,2009,414301,4727592,0
Kent Brook1,Kent Brook,711461,2011,465104,4693373,0
Keyes Brook1,Keyes Brook,407464,2007,496139,4713909,0
Kingsley Brook1,Kingsley Brook,711620,2011,453241,4737529,0
Kirkwood Creek1,Kirkwood Creek,814199,2014,300325,4711759,0
Kirkwood Creek1,Kirkwood Creek,815037,2015,300321,4711767,0
Kirkwood Creek1,Kirkwood Creek,892012,1992,297330,4711721,1
Knapp Brook1,Knapp Brook,409803,2009,497295,4693332,0
Knight Creek1,Knight Creek,812101,2012,306250,4692198,0
Kortright Creek2,Kortright Creek,409444,2009,509028,4696839,0
Kortright Creek3,Kortright Creek,409444,2009,518543,4695956,0
Lake Brook1,Lake Brook,407476,2007,492654,4708976,0
Lake Brook2,Lake Brook,407476,2007,490669,4712025,0
Landers Creek1,Landers Creek,725029,2025,421846,4695298,0
Landers Creek2,Landers Creek,725029,2025,422499,4695925,0
Landers Creek4,Landers Creek,705029,2005,460943,4674686,0
Lawyers Creek1,Lawyers Creek,409597,2009,508168,4741232,0
Lawyers Creek1,Lawyers Creek,423012,2023,508658,4740018,0
Leatherstocking Brook1,Leatherstocking Brook,409591,2009,506470,4730910,0
Leatherstocking Brook2,Leatherstocking Brook,409591,2009,506092,4733166,0
Lena Brook1,Lena Brook,411349,2011,493087,4719101,0
Lidell Creek1,Lidell Creek,409523,2009,497246,4734062,0
Lime Kiln Creek1,Lime Kiln Creek,811016,2011,278066,4696748,0
Little Choconut Creek1,Little Choconut Creek,722042,2022,420932,4672500,0
Little Elk Creek1,Little Elk Creek,409141,2009,514799,4717770,0
Little Snake Creek2,Little Snake Creek,725027,2025,433624,4653155,1
Ludlow Creek1,Ludlow Creek,708005,2008,442121,4699739,0
Lyon Creek1,Lyon Creek,810044,2010,306687,4713168,0
Lyon Creek1,Lyon Creek,811145,2011,305218,4710607,0
Lyon Creek1,Lyon Creek,815046,2015,306640,4713364,0
Lyon Creek1,Lyon Creek,816019,2016,305277,4710481,0
Lyon Creek2,Lyon Creek,810044,2010,305373,4710756,0
Mad Brook1,Mad Brook,711654,2011,460178,4724973,0
Mann Brook1,Mann Brook,722047,2022,436212,4730518,0
Maxwell Creek1,Maxwell Creek,814213,2014,301665,4686925,0
Maxwell Creek1,Maxwell Creek,893017,1993,301930,4686921,0
Maxwell Creek2,Maxwell Creek,810021,2010,301690,4686952,0
Mccorn Creek1,Mccorn Creek,801021,2001,366354,4680085,0
Mccorn Creek1,Mccorn Creek,811047,2011,366032,4679947,0
Mccorn Creek2,Mccorn Creek,801021,2001,366671,4680272,0
Mcnutt Run1,Mcnutt Run,810080,2010,319949,4678339,0
Meads Creek1,Meads Creek,812185,2012,325917,4680367,0
Meads Creek11,Meads Creek,812008,2012,323147,4673376,0
Meads Creek11,Meads Creek,812098,2012,323147,4673376,0
Meads Creek11,Meads Creek,813009,2013,323147,4673376,0
Meads Creek11,Meads Creek,813013,2013,323147,4673376,0
Meads Creek12,Meads Creek,812098,2012,323271,4673205,0
Meads Creek12,Meads Creek,813009,2013,323271,4673205,0
Meads Creek12,Meads Creek,813013,2013,323271,4673205,0
Meads Creek2,Meads Creek,810010,2010,333174,4688421,0
Meads Creek2,Meads Creek,811006,2011,325815,4680350,0
Meads Creek2,Meads Creek,812008,2012,325759,4680284,0
Meads Creek2,Meads Creek,812098,2012,325759,4680284,0
Meads Creek2,Meads Creek,813009,2013,325759,4680284,0
Meads Creek2,Meads Creek,813013,2013,325759,4680284,0
Meads Creek3,Meads Creek,811006,2011,325532,4679913,0
Meads Creek4,Meads Creek,811006,2011,324537,4678611,0
Meads Creek4,Meads Creek,812008,2012,324537,4678611,0
Meads Creek4,Meads Creek,812098,2012,324537,4678611,0
Meads Creek4,Meads Creek,813009,2013,324537,4678611,0
Meads Creek5,Meads Creek,812008,2012,324490,4678492,0
Meads Creek5,Meads Creek,812098,2012,324490,4678492,0
Meads Creek5,Meads Creek,813009,2013,324490,4678492,0
Meads Creek5,Meads Creek,813013,2013,324490,4678492,0
Meads Creek6,Meads Creek,812008,2012,323991,4677600,0
Meads Creek6,Meads Creek,812098,2012,323991,4677600,0
Meads Creek6,Meads Creek,813009,2013,323991,4677600,0
Meads Creek7,Meads Creek,811006,2011,323788,4677318,0
Meads Creek7,Meads Creek,812008,2012,323788,4677318,0
Meads Creek7,Meads Creek,812098,2012,323788,4677318,0
Meads Creek7,Meads Creek,813009,2013,323788,4677318,0
Meads Creek7,Meads Creek,813013,2013,323788,4677318,0
Meads Creek8,Meads Creek,811006,2011,323448,4674897,0
Meads Creek8,Meads Creek,812008,2012,323488,4674897,0
Meads Creek8,Meads Creek,812098,2012,323488,4674897,0
Meads Creek9,Meads Creek,811006,2011,323368,4674563,0
Merrill Creek1,Merrill Creek,793007,1993,419532,4695422,0
Merrill Creek3,Merrill Creek,793007,1993,418931,4698322,0
Merrill Creek4,Merrill Creek,793007,1993,418731,4701022,0
Mill Brook1,Mill Brook,708016,2008,439457,4689894,0
Mill Brook1,Mill Brook,711380,2011,473140,4719305,0
Mill Brook1,Mill Brook,793006,1993,448532,4699722,0
Mill Brook2,Mill Brook,793006,1993,448232,4701022,0
Mill Creek1,Mill Creek,409676,2009,488312,4696726,0
Mill Creek1,Mill Creek,411338,2011,485887,4718208,0
Mill Creek1,Mill Creek,711473,2011,466901,4744529,0
Mill Creek2,Mill Creek,409438,2009,480619,4733794,0
Mill Creek3,Mill Creek,409438,2009,480057,4727251,0
Miller Brook1,Miller Brook,810113,2010,290754,4717843,0
Mine Brook1,Mine Brook,409209,2009,509232,4696697,0
Morehouse Brook1,Morehouse Brook,409152,2009,508580,4709154,0
Morehouse Brook2,Morehouse Brook,409152,2009,509748,4715366,0
Morris Brook1,Morris Brook,408114,2008,476264,4706284,0
Nanticoke Creek1,Nanticoke Creek,716903,2016,414197,4674220,0
Nanticoke Creek1,Nanticoke Creek,719020,2019,412261,4682226,0
Nanticoke Creek1,Nanticoke Creek,792024,1992,412232,4682222,0
Nanticoke Creek1,Nanticoke Creek,797006,1997,412732,4672522,0
Nanticoke Creek2,Nanticoke Creek,719020,2019,413090,4680840,0
Nanticoke Creek2,Nanticoke Creek,792024,1992,413132,4680822,0
Nanticoke Creek2,Nanticoke Creek,797006,1997,413032,4673322,0
Nanticoke Creek3,Nanticoke Creek,719020,2019,413164,4673207,0
Nanticoke Creek3,Nanticoke Creek,792024,1992,413432,4678722,0
Nanticoke Creek3,Nanticoke Creek,797006,1997,411632,4663322,0
Nanticoke Creek4,Nanticoke Creek,719020,2019,412715,4672301,0
Nanticoke Creek4,Nanticoke Creek,792024,1992,414232,4675422,0
Nanticoke Creek4,Nanticoke Creek,797006,1997,409832,4660722,0
Nanticoke Creek5,Nanticoke Creek,719020,2019,412090,4669739,0
Nanticoke Creek6,Nanticoke Creek,719020,2019,409911,4660819,1
Narrows Creek1,Narrows Creek,892006,1992,332231,4667421,1
Narrows Creek2,Narrows Creek,892006,1992,333731,4669221,0
Negro Brook1,Negro Brook,409234,2009,512716,4702959,0
Neil Creek1,Neil Creek,802011,2002,296164,4700208,0
Neil Creek1,Neil Creek,825025,2025,296880,4699762,0
Neil Creek1,Neil Creek,897003,1997,298030,4700921,0
Neil Creek2,Neil Creek,802011,2002,293471,4700459,0
Neil Creek2,Neil Creek,810093,2010,296814,4699894,0
Neil Creek3,Neil Creek,802011,2002,290039,4699843,0
Neil Creek3,Neil Creek,810093,2010,297905,4700708,0
Newtown Creek1,Newtown Creek,812026,2012,361938,4673959,0
Newtown Creek1,Newtown Creek,812161,2012,349884,4670251,0
Newtown Creek1,Newtown Creek,889021,1989,361731,4671722,0
Norton Hollow Brook1,Norton Hollow Brook,815107,2015,283177,4670462,0
Norton Hollow Brook1,Norton Hollow Brook,815126,2015,284160,4670258,0
Norton Hollow Brook1,Norton Hollow Brook,817001,2017,283196,4670454,0
O'Connell Brook1,O'Connell Brook,409284,2009,512927,4726422,0
Oak Creek1,Oak Creek,409122,2009,526680,4718805,0
Oak Creek2,Oak Creek,409122,2009,524889,4722697,0
Oaks Creek1,Oaks Creek,408040,2008,499834,4730169,1
Oaks Creek1,Oaks Creek,416025,2016,499889,4730066,0
Oaks Creek2,Oaks Creek,408040,2008,502080,4727654,1
Oaks Creek2,Oaks Creek,416025,2016,502123,4727430,1
Oaks Creek3,Oaks Creek,408040,2008,503470,4725724,0
Oaks Creek3,Oaks Creek,416025,2016,503439,4725465,1
Oaks Creek4,Oaks Creek,416025,2016,502998,4724089,1
Oaks Creek5,Oaks Creek,416025,2016,504056,4723245,1
Ocquianis Creek1,Ocquianis Creek,408035,2008,501375,4745345,0
Ocquianis Creek2,Ocquianis Creek,408035,2008,501097,4744924,0
Ocquianis Creek3,Ocquianis Creek,408035,2008,500602,4744051,0
Ohuran Creek1,Ohuran Creek,810141,2010,276964,4659914,0
Ohuran Creek1,Ohuran Creek,817006,2017,277030,4659924,0
Ohuran Creek2,Ohuran Creek,817006,2017,277213,4660183,0
Oil Well Hollow Creek1,Oil Well Hollow Creek,810038,2010,291816,4707017,0
Oneonta Creek1,Oneonta Creek,407698,2007,496025,4704081,0
Oneonta Creek1,Oneonta Creek,408285,2008,495338,4700757,0
Oneonta Creek1,Oneonta Creek,411343,2011,495321,4700717,0
Oneonta Creek2,Oneonta Creek,407698,2007,495435,4701005,0
Oneonta Creek2,Oneonta Creek,408285,2008,495587,4700185,0
Otego Creek3,Otego Creek,405018,2005,493143,4708788,0
Otego Creek3,Otego Creek,425037,2025,493165,4708758,0
Otego Creek4,Otego Creek,405018,2005,494940,4712090,0
Otego Creek4,Otego Creek,425037,2025,494849,4712102,0
Otego Creek5,Otego Creek,405018,2005,494905,4714874,0
Otego Creek5,Otego Creek,425037,2025,494726,4714686,0
Otego Creek6,Otego Creek,405018,2005,495547,4719582,0
Otego Creek6,Otego Creek,425037,2025,495560,4719601,0
Otego Creek7,Otego Creek,405018,2005,495652,4722904,0
Otego Creek8,Otego Creek,405018,2005,495935,4726039,0
Otego Creek8,Otego Creek,425037,2025,495929,4726045,0
Otego Creek9,Otego Creek,425037,2025,494369,4728259,0
Otsdawa Creek1,Otsdawa Creek,409698,2009,485244,4695154,0
Otsdawa Creek1,Otsdawa Creek,493031,1993,485932,4694123,0
Otsdawa Creek2,Otsdawa Creek,493031,1993,485132,4695523,0
Otselic Creek1,Otselic Creek,724027,2024,439964,4735344,0
Otselic River1,Otselic River,711001,2011,428948,4714822,0
Otselic River1,Otselic River,712005,2012,437807,4725603,0
Otselic River1,Otselic River,712006,2012,439742,4732461,1
Otselic River1,Otselic River,713001,2013,437807,4725603,0
Otselic River1,Otselic River,713015,2013,439742,4732461,0
Otselic River1,Otselic River,722009,2022,437807,4725603,0
Otselic River1,Otselic River,723010,2023,437807,4725603,0
Otselic River1,Otselic River,793013,1993,441663,4739109,0
Otselic River1,Otselic River,793015,1993,437832,4725622,0
Otselic River1,Otselic River,793029,1993,427729,4712621,0
Otselic River2,Otselic River,711001,2011,437807,4725603,0
Otselic River2,Otselic River,712005,2012,428948,4714822,0
Otselic River2,Otselic River,723010,2023,428944,4714811,0
Otselic River2,Otselic River,793013,1993,441478,4737788,0
Otselic River2,Otselic River,793015,1993,435632,4721822,0
Otselic River2,Otselic River,793029,1993,426468,4711817,0
Otselic River3,Otselic River,711001,2011,427556,4712965,1
Otselic River3,Otselic River,712005,2012,427556,4712965,0
Otselic River3,Otselic River,722009,2022,427556,4712965,0
Otselic River3,Otselic River,723010,2023,427556,4712965,0
Otselic River3,Otselic River,793015,1993,440832,4730022,0
Otselic River3,Otselic River,793029,1993,426177,4710242,0
Otselic River4,Otselic River,793013,1993,440047,4735325,0
Otselic River4,Otselic River,793015,1993,439432,4728222,0
Otselic River5,Otselic River,793015,1993,433832,4720122,0
Otselic River6,Otselic River,793013,1993,439703,4732542,0
Otselic River6,Otselic River,793015,1993,433132,4719022,0
Otselic River7,Otselic River,793015,1993,432132,4718322,0
Otselic River8,Otselic River,793015,1993,431232,4716522,0
Ouleout Creek1,Ouleout Creek,414013,2014,502295,4690693,0
Ouleout Creek1,Ouleout Creek,414016,2014,486016,4687919,1
Ouleout Creek1,Ouleout Creek,419038,2019,481024,4686447,1
Ouleout Creek2,Ouleout Creek,414013,2014,502506,4690540,0
Ouleout Creek2,Ouleout Creek,414016,2014,485541,4686676,1
Ouleout Creek2,Ouleout Creek,493033,1993,486332,4688423,0
Ouleout Creek3,Ouleout Creek,414013,2014,502688,4690516,0
Ouleout Creek3,Ouleout Creek,414016,2014,484636,4686153,1
Ouleout Creek3,Ouleout Creek,493033,1993,490532,4691123,0
Ouleout Creek4,Ouleout Creek,493033,1993,493632,4693223,0
Owego Creek1,Owego Creek,714008,2014,395409,4667327,0
Owego Creek1,Owego Creek,716038,2016,395390,4667324,0
Page Brook1,Page Brook,714024,2014,435706,4677751,0
Page Brook1,Page Brook,810072,2010,290605,4700037,0
Page Brook1,Page Brook,893049,1993,290630,4700021,0
Palmer Creek1,Palmer Creek,409126,2009,517796,4712524,0
Pardee Hollow Creek1,Pardee Hollow Creek,812144,2012,294554,4718543,0
Patterson Creek1,Patterson Creek,717002,2017,416421,4667793,0
Payne Brook1,Payne Brook,711661,2011,458857,4747433,0
Payne Brook1,Payne Brook,792021,1992,456032,4741222,0
Payne Brook1,Payne Brook,796012,1996,454032,4737822,0
Payne Brook2,Payne Brook,711661,2011,456828,4743698,0
Payne Brook2,Payne Brook,792021,1992,456032,4741222,0
Payne Brook2,Payne Brook,796012,1996,454932,4740422,0
Pleasant Brook1,Pleasant Brook,409324,2009,518243,4729409,0
Pleasant Brook1,Pleasant Brook,711497,2011,467352,4739760,0
Pleasant Brook1,Pleasant Brook,711653,2011,447510,4729460,0
Pleasant Brook1,Pleasant Brook,793019,1993,447432,4729522,0
Pleasant Brook2,Pleasant Brook,711497,2011,461549,4734400,0
Pleasant Valley Brook1,Pleasant Valley Brook,407465,2007,495721,4716464,0
Pleasant Valley Brook2,Pleasant Valley Brook,407465,2007,497231,4720234,0
Pony Hollow Creek2,Pony Hollow Creek,721031,2021,363640,4690845,0
Pony Hollow Creek5,Pony Hollow Creek,721031,2021,360738,4682985,0
Pool Brook1,Pool Brook,407568,2007,493350,4709859,0
Post Creek1,Post Creek,803016,2003,336110,4674507,0
Post Creek1,Post Creek,810094,2010,338466,4680775,0
Post Creek2,Post Creek,810094,2010,338514,4683149,0
Post Creek3,Post Creek,803016,2003,337990,4677050,0
Post Creek4,Post Creek,803016,2003,338261,4679637,0
Potato Creek1,Potato Creek,409133,2009,505981,4705608,0
Prosser Hollow Brook1,Prosser Hollow Brook,409244,2009,501171,4698528,0
Prosser Hollow Brook2,Prosser Hollow Brook,409244,2009,503042,4696824,0
Pumpkin Hollow Brook1,Pumpkin Hollow Brook,409243,2009,505241,4698601,0
Ransford Creek1,Ransford Creek,711707,2011,458112,4709872,0
Red Creek1,Red Creek,409605,2009,506657,4725970,0
Red Creek2,Red Creek,409605,2009,512947,4734914,0
Reservoir Brook1,Reservoir Brook,407712,2007,479889,4710595,0
Reservoir Brook2,Reservoir Brook,407712,2007,479261,4714856,0
Reynolds Creek1,Reynolds Creek,810111,2010,293327,4707585,0
Rice Glen Brook1,Rice Glen Brook,893032,1993,294830,4692421,1
Rice Glen Brook2,Rice Glen Brook,810055,2010,294851,4692377,0
Roaring Brook1,Roaring Brook,408565,2008,495557,4688081,0
Roaring Brook1,Roaring Brook,409838,2009,495557,4688085,0
Roaring Brook1,Roaring Brook,497014,1997,496832,4685923,0
Roaring Brook2,Roaring Brook,409838,2009,496918,4685434,0
Roaring Brook2,Roaring Brook,497014,1997,495932,4687423,0
Roaring Brook3,Roaring Brook,409838,2009,496426,4686912,0
Rock Creek1,Rock Creek,811035,2011,280833,4670510,0
Rogers Hollow Brook1,Rogers Hollow Brook,409351,2009,467472,4687745,0
Rogers Hollow Brook2,Rogers Hollow Brook,409351,2009,473617,4691586,0
Salmon Creek1,Salmon Creek,891006,1991,303230,4702121,0
Salmon Creek1,Salmon Creek,893040,1993,301230,4699121,0
Sand Hill Creek1,Sand Hill Creek,409710,2009,478267,4691020,0
Sand Hill Creek2,Sand Hill Creek,409710,2009,477898,4698643,0
Sangerfield River1,Sangerfield River,794050,1994,462332,4740622,0
Sangerfield River2,Sangerfield River,794050,1994,460932,4738722,0
Sangerfield River3,Sangerfield River,794050,1994,460032,4737122,0
Sangerfield River4,Sangerfield River,794050,1994,458732,4736222,0
Schenevus Creek1,Schenevus Creek,419028,2019,517611,4712193,0
Schenevus Creek1,Schenevus Creek,420023,2020,522209,4715724,0
Schenevus Creek1,Schenevus Creek,425101,2025,512113,4709849,0
Schenevus Creek2,Schenevus Creek,407022,2007,505589,4704980,0
Schenevus Creek2,Schenevus Creek,425101,2025,515387,4710655,0
Schenevus Creek3,Schenevus Creek,407022,2007,507542,4707419,0
Schenevus Creek4,Schenevus Creek,407022,2007,512113,4709849,0
Schenevus Creek5,Schenevus Creek,407022,2007,515387,4710655,0
Schenevus Creek6,Schenevus Creek,407022,2007,520433,4715112,0
Schenevus Creek7,Schenevus Creek,407022,2007,522488,4715626,0
Schenevus Creek8,Schenevus Creek,407022,2007,524874,4717076,0
Seeley Creek1,Seeley Creek,811062,2011,343086,4653067,0
Shadow Brook1,Shadow Brook,422066,2022,510717,4737117,1
Shadow Brook1,Shadow Brook,423013,2024,510803,4737169,1
Shaw Brook1,Shaw Brook,407726,2007,471559,4697917,0
Shawler Brook1,Shawler Brook,711443,2011,471159,4723337,0
Shawler Brook2,Shawler Brook,711443,2011,470145,4731508,0
Shellrock Creek1,Shellrock Creek,409290,2009,514834,4728550,0
Shelly Brook2,Shelly Brook,409247,2009,505048,4700001,0
Simpsonville Brook1,Simpsonville Brook,409250,2009,518018,4705793,0
Sinclair Creek1,Sinclair Creek,812149,2012,300489,4689198,0
Sinclair Creek1,Sinclair Creek,815076,2015,300489,4689198,0
Sinclair Creek1,Sinclair Creek,893020,1993,302130,4690521,0
Sinclair Creek2,Sinclair Creek,810018,2010,302211,4690520,0
Sinclair Creek2,Sinclair Creek,893020,1993,300430,4689221,0
Sinclair Creek3,Sinclair Creek,893020,1993,298830,4687621,0
Sinclair Creek4,Sinclair Creek,893020,1993,298330,4688021,0
Sing Sing Creek1,Sing Sing Creek,807925,2007,341060,4663246,0
Sing Sing Creek1,Sing Sing Creek,819023,2019,343969,4668408,1
Sing Sing Creek1,Sing Sing Creek,821017,2021,342370,4667111,0
Slate Creek3,Slate Creek,894029,1994,276630,4674621,0
Snyder Creek1,Snyder Creek,409326,2009,520287,4730474,0
Snyder Creek2,Snyder Creek,409326,2009,522622,4735116,0
South America Brook1,South America Brook,409259,2009,519056,4706684,0
Sparrowhawk Brook1,Sparrowhawk Brook,409127,2009,514202,4710485,0
Spring Brook1,Spring Brook,409648,2009,501742,4708622,0
Spring Brook2,Spring Brook,409648,2009,499251,4716464,0
Stocking Creek2,Stocking Creek,810053,2010,304629,4681448,0
Stone Mill Brook1,Stone Mill Brook,711621,2011,447156,4736688,0
Stone Mill Brook1,Stone Mill Brook,795019,1995,452832,4734022,0
Stone Mill Brook2,Stone Mill Brook,795019,1995,450832,4735322,0
Stone Mill Brook3,Stone Mill Brook,795019,1995,449532,4736222,0
Stone Mill Brook4,Stone Mill Brook,795019,1995,448632,4736422,0
Stony Creek1,Stony Creek,408113,2008,484400,4715551,0
Stratton Mill Creek1,Stratton Mill Creek,722043,2022,431167,4662398,0
Strongs Brook1,Strongs Brook,705021,2005,434074,4696370,0
Strongs Brook3,Strongs Brook,705021,2005,431842,4702436,0
Sugar Creek1,Sugar Creek,894037,1994,284130,4676721,0
Sulphur Springs Creek1,Sulphur Springs Creek,704019,2004,381730,4682729,0
Sulphur Springs Creek1,Sulphur Springs Creek,704020,2004,382737,4682545,0
Sulphur Springs Creek2,Sulphur Springs Creek,704019,2004,381286,4680756,0
Sulphur Springs Creek2,Sulphur Springs Creek,704020,2004,383147,4683829,0
Sulphur Springs Creek3,Sulphur Springs Creek,704020,2004,381614,4680702,0
Sulphur Springs Creek4,Sulphur Springs Creek,704020,2004,380891,4679105,0
Susquehanna River1,Susquehanna River,414020,2014,494825,4699629,0
Susquehanna River1,Susquehanna River,416019,2016,505504,4714744,1
Susquehanna River1,Susquehanna River,419025,2019,496272,4699736,0
Susquehanna River1,Susquehanna River,422057,2022,496272,4699736,0
Susquehanna River1,Susquehanna River,707019,2007,419907,4661816,0
Susquehanna River1,Susquehanna River,709008,2009,419891,4661838,1
Susquehanna River1,Susquehanna River,712012,2012,419913,4661825,0
Susquehanna River1,Susquehanna River,719017,2019,433550,4654289,0
Susquehanna River1,Susquehanna River,722056,2022,428239,4661479,1
Susquehanna River1,Susquehanna River,723020,2023,428019,4661388,0
Susquehanna River1,Susquehanna River,725015,2025,433550,4654280,1
Susquehanna River1,Susquehanna River,791016,1991,390220,4659534,1
Susquehanna River1,Susquehanna River,792028,1992,424332,4660422,0
Susquehanna River1,Susquehanna River,793022,1993,419098,4662595,1
Susquehanna River1,Susquehanna River,794002,1994,424332,4660422,0
Susquehanna River1,Susquehanna River,795006,1995,424332,4660422,0
Susquehanna River1,Susquehanna River,795028,1995,449132,4650922,1
Susquehanna River10,Susquehanna River,793022,1993,429732,4661387,1
Susquehanna River11,Susquehanna River,795028,1995,450132,4663522,1
Susquehanna River12,Susquehanna River,791016,1991,404329,4660305,1
Susquehanna River12,Susquehanna River,795028,1995,449132,4664022,1
Susquehanna River13,Susquehanna River,790015,1990,386531,4653721,1
Susquehanna River13,Susquehanna River,795028,1995,449632,4670622,1
Susquehanna River14,Susquehanna River,790015,1990,384231,4653921,1
Susquehanna River14,Susquehanna River,791016,1991,392947,4659876,1
Susquehanna River14,Susquehanna River,795028,1995,449032,4669422,1
Susquehanna River15,Susquehanna River,790015,1990,382831,4654221,0
Susquehanna River15,Susquehanna River,791016,1991,402869,4661499,0
Susquehanna River15,Susquehanna River,795028,1995,451432,4666522,1
Susquehanna River16,Susquehanna River,790015,1990,380731,4654921,1
Susquehanna River16,Susquehanna River,791016,1991,389309,4657341,1
Susquehanna River16,Susquehanna River,795028,1995,450332,4671622,1
Susquehanna River17,Susquehanna River,790015,1990,379431,4655021,0
Susquehanna River18,Susquehanna River,790015,1990,378731,4653621,0
Susquehanna River19,Susquehanna River,790015,1990,378431,4651721,0
Susquehanna River2,Susquehanna River,416019,2016,505398,4713600,1
Susquehanna River2,Susquehanna River,419025,2019,501289,4705669,0
Susquehanna River2,Susquehanna River,707019,2007,405230,4658012,0
Susquehanna River2,Susquehanna River,712012,2012,395299,4661299,0
Susquehanna River2,Susquehanna River,716028,2016,395301,4661327,0
Susquehanna River2,Susquehanna River,719017,2019,419914,4661820,1
Susquehanna River2,Susquehanna River,722056,2022,410177,4659450,1
Susquehanna River2,Susquehanna River,723020,2023,410847,4659775,1
Susquehanna River2,Susquehanna River,724011,2024,419918,4661801,0
Susquehanna River2,Susquehanna River,791016,1991,389389,4657781,0
Susquehanna River2,Susquehanna River,792028,1992,418632,4663122,1
Susquehanna River2,Susquehanna River,793022,1993,418641,4662981,0
Susquehanna River2,Susquehanna River,794002,1994,418632,4663122,0
Susquehanna River2,Susquehanna River,795006,1995,419232,4662722,0
Susquehanna River2,Susquehanna River,795028,1995,449032,4653822,1
Susquehanna River3,Susquehanna River,419025,2019,506472,4726820,0
Susquehanna River3,Susquehanna River,716028,2016,405334,4657920,0
Susquehanna River3,Susquehanna River,719017,2019,410857,4659785,1
Susquehanna River3,Susquehanna River,725015,2025,419918,4661801,0
Susquehanna River3,Susquehanna River,791016,1991,390521,4659639,1
Susquehanna River3,Susquehanna River,793022,1993,417597,4662880,0
Susquehanna River3,Susquehanna River,794002,1994,417132,4662722,0
Susquehanna River3,Susquehanna River,795028,1995,449232,4655022,0
Susquehanna River4,Susquehanna River,716028,2016,410938,4659803,0
Susquehanna River4,Susquehanna River,723020,2023,378617,4654070,0
Susquehanna River4,Susquehanna River,724011,2024,405338,4657941,0
Susquehanna River4,Susquehanna River,725015,2025,410868,4659771,0
Susquehanna River4,Susquehanna River,791016,1991,391379,4659782,1
Susquehanna River4,Susquehanna River,793022,1993,415390,4661354,1
Susquehanna River4,Susquehanna River,795028,1995,449532,4655322,1
Susquehanna River5,Susquehanna River,719017,2019,395288,4661311,0
Susquehanna River5,Susquehanna River,723020,2023,378689,4654005,0
Susquehanna River5,Susquehanna River,725015,2025,405338,4657941,0
Susquehanna River5,Susquehanna River,791016,1991,394554,4660744,1
Susquehanna River5,Susquehanna River,794014,1994,434432,4652822,1
Susquehanna River5,Susquehanna River,795028,1995,447132,4658222,0
Susquehanna River6,Susquehanna River,716028,2016,428216,4661344,0
Susquehanna River6,Susquehanna River,719017,2019,405299,4657948,1
Susquehanna River6,Susquehanna River,725015,2025,395288,4661311,0
Susquehanna River6,Susquehanna River,791016,1991,404057,4661216,1
Susquehanna River6,Susquehanna River,793022,1993,409974,4659430,0
Susquehanna River6,Susquehanna River,794014,1994,434232,4653722,1
Susquehanna River6,Susquehanna River,795028,1995,446432,4663922,1
Susquehanna River7,Susquehanna River,716028,2016,433553,4654263,0
Susquehanna River7,Susquehanna River,791016,1991,404644,4658783,0
Susquehanna River7,Susquehanna River,793022,1993,414219,4661281,1
Susquehanna River7,Susquehanna River,794014,1994,433532,4654322,1
Susquehanna River7,Susquehanna River,795028,1995,446532,4662422,1
Susquehanna River8,Susquehanna River,793022,1993,411898,4660338,1
Susquehanna River8,Susquehanna River,794014,1994,433632,4655922,1
Susquehanna River8,Susquehanna River,795028,1995,447832,4656722,0
Susquehanna River9,Susquehanna River,791016,1991,389120,4657222,0
Susquehanna River9,Susquehanna River,793022,1993,430199,4661059,1
Susquehanna River9,Susquehanna River,794014,1994,433332,4657422,0
Switzer Brook1,Switzer Brook,814201,2014,296884,4708962,0
Tallette Creek1,Tallette Creek,711455,2011,474500,4729224,0
Tallette Creek2,Tallette Creek,711455,2011,470400,4736784,0
Tedle Brook1,Tedle Brook,409184,2009,518262,4700451,0
Tenmile Creek1,Tenmile Creek,810050,2010,304685,4707748,0
Tenmile Creek1,Tenmile Creek,889006,1989,299930,4700121,1
Tenmile Creek2,Tenmile Creek,889006,1989,301530,4703121,0
Tenmile Creek3,Tenmile Creek,889006,1989,303330,4704721,0
The Fly1,The Fly,409681,2009,476031,4687725,0
The Fly1,The Fly,419024,2019,475793,4688474,0
The Fly1,The Fly,421015,2021,475793,4688474,0
Thomas Creek1,Thomas Creek,708011,2008,429068,4672425,0
Thompson Brook1,Thompson Brook,710304,2010,437418,4723241,0
Thompson Creek1,Thompson Creek,711701,2011,458319,4712013,0
Thompson Creek2,Thompson Creek,711701,2011,462551,4716954,0
Thorp Brook1,Thorp Brook,408280,2008,475329,4704610,0
Tioga River1,Tioga River,803019,2003,322263,4661251,1
Treadwell Creek1,Treadwell Creek,405009,2005,489689,4690129,0
Treadwell Creek2,Treadwell Creek,405009,2005,492304,4688617,0
Treadwell Creek3,Treadwell Creek,405009,2005,495384,4688093,0
Treadwell Creek4,Treadwell Creek,405009,2005,498350,4688462,0
Treadwell Creek5,Treadwell Creek,405009,2005,501280,4687424,0
Troups Creek1,Troups Creek,894005,1994,292330,4653321,1
Trout Brook1,Trout Brook,409595,2009,508053,4739395,0
Trout Brook1,Trout Brook,422010,2022,508508,4739390,1
Trout Brook1,Trout Brook,787007,1987,409845,4716316,0
Trout Brook2,Trout Brook,787007,1987,411094,4716632,0
Trout Brook2,Trout Brook,798012,1998,413731,4716522,0
Trout Brook3,Trout Brook,798012,1998,412831,4716722,0
Trout Brook4,Trout Brook,798012,1998,411631,4716922,0
Trout Brook5,Trout Brook,798012,1998,410331,4716522,0
Trout Brook6,Trout Brook,798012,1998,408931,4716122,0
Trout Brook7,Trout Brook,798012,1998,407431,4715722,0
Trout Brook8,Trout Brook,798012,1998,407131,4715322,0
Trout Run1,Trout Run,810108,2010,309240,4704674,0
Trout Run2,Trout Run,810108,2010,309199,4704790,0
Trout Run2,Trout Run,892010,1992,309630,4704021,0
Trout Run3,Trout Run,810108,2010,308632,4705302,0
Trout Run3,Trout Run,892010,1992,308930,4705021,0
Trout Run4,Trout Run,892010,1992,308730,4707121,0
Trowbridge Creek1,Trowbridge Creek,705043,2005,439285,4652853,0
Trowbridge Creek2,Trowbridge Creek,705042,2005,439446,4652722,0
Trowbridge Creek3,Trowbridge Creek,705042,2005,440306,4655096,0
Turner Creek1,Turner Creek,708025,2008,453017,4701440,0
Turner Creek3,Turner Creek,708025,2008,451792,4706434,0
Tuscarora Creek1,Tuscarora Creek,803020,2003,314960,4663544,0
Twelvemile Creek1,Twelvemile Creek,810073,2010,305345,4714826,0
Unadilla River1,Unadilla River,419035,2019,480308,4743398,0
Unadilla River1,Unadilla River,621213,2021,487330,4748536,0
Unadilla River1,Unadilla River,689209,1989,482733,4746123,0
Unadilla River1,Unadilla River,698508,1998,491733,4751723,1
Unadilla River1,Unadilla River,712015,2012,479725,4739473,0
Unadilla River1,Unadilla River,791024,1991,479633,4739523,0
Unadilla River2,Unadilla River,621213,2021,484195,4747831,0
Unadilla River2,Unadilla River,689209,1989,490033,4750923,0
Unadilla River2,Unadilla River,698508,1998,493333,4751923,1
Unadilla River2,Unadilla River,791024,1991,479633,4739723,0
Unadilla River3,Unadilla River,698508,1998,490133,4750923,1
Unadilla River3,Unadilla River,791024,1991,479633,4741023,0
Unadilla River4,Unadilla River,698508,1998,484233,4747823,1
Unadilla River4,Unadilla River,791024,1991,480233,4743423,0
Van Camper Creek1,Van Camper Creek,810148,2010,292376,4691643,0
Van Camper Creek1,Van Camper Creek,893029,1993,292430,4691421,0
West Branch Great Brook1,West Branch Great Brook,711451,2011,467065,4713959,0
West Branch Great Brook2,West Branch Great Brook,711451,2011,465709,4717604,0
West Branch Handsome Broo1,West Branch Handsome Broo,409777,2009,486903,4685346,0
West Branch Handsome Broo2,West Branch Handsome Broo,409777,2009,488912,4683402,0
West Branch Handsome Broo3,West Branch Handsome Broo,409777,2009,491655,4681117,0
West Branch Otego Creek1,West Branch Otego Creek,407569,2007,494697,4715369,0
West Branch Otego Creek2,West Branch Otego Creek,407569,2007,493580,4718200,0
West Branch Otsdawa Creek2,West Branch Otsdawa Creek,409696,2009,484916,4696101,0
West Branch Owego Creek1,West Branch Owego Creek,703004,2003,397058,4683931,0
West Branch Owego Creek1,West Branch Owego Creek,703006,2003,397462,4688527,0
West Branch Owego Creek1,West Branch Owego Creek,719008,2019,397509,4688538,0
West Branch Owego Creek1,West Branch Owego Creek,725049,2025,397893,4690484,0
West Branch Owego Creek1,West Branch Owego Creek,792007,1992,398031,4689422,0
West Branch Owego Creek2,West Branch Owego Creek,703004,2003,397031,4684135,0
West Branch Owego Creek2,West Branch Owego Creek,719008,2019,396952,4685808,1
West Branch Owego Creek2,West Branch Owego Creek,725049,2025,397275,4687250,0
West Branch Owego Creek2,West Branch Owego Creek,792007,1992,398032,4675422,0
West Branch Owego Creek3,West Branch Owego Creek,703004,2003,396974,4684328,0
West Branch Owego Creek3,West Branch Owego Creek,719008,2019,397045,4683919,1
West Branch Owego Creek3,West Branch Owego Creek,792007,1992,397931,4677422,0
West Branch Owego Creek4,West Branch Owego Creek,719008,2019,397046,4681396,0
West Branch Owego Creek4,West Branch Owego Creek,792007,1992,397631,4679122,0
West Branch Owego Creek5,West Branch Owego Creek,719008,2019,397243,4680431,0
West Branch Owego Creek5,West Branch Owego Creek,792007,1992,397031,4681422,0
West Branch Owego Creek6,West Branch Owego Creek,719008,2019,397804,4690613,0
West Branch Owego Creek6,West Branch Owego Creek,792007,1992,396931,4684522,0
West Branch Owego Creek7,West Branch Owego Creek,792007,1992,397331,4687322,0
West Branch Owego Creek8,West Branch Owego Creek,792007,1992,393731,4692822,0
West Branch Owego Creek9,West Branch Owego Creek,792007,1992,397031,4691222,0
West Branch Tioughnioga R1,West Branch Tioughnioga R,701008,2001,404300,4717898,0
West Branch Tioughnioga R1,West Branch Tioughnioga R,720011,2020,403948,4717825,0
West Branch Tioughnioga R1,West Branch Tioughnioga R,787100,1987,404583,4717961,0
West Branch Tioughnioga R2,West Branch Tioughnioga R,720011,2020,403507,4720684,0
West Branch Tioughnioga R2,West Branch Tioughnioga R,787100,1987,403512,4720702,0
West Branch Tioughnioga R3,West Branch Tioughnioga R,720011,2020,403457,4724032,0
West Branch Tioughnioga R3,West Branch Tioughnioga R,787100,1987,403557,4722537,0
West Branch Tioughnioga R4,West Branch Tioughnioga R,787100,1987,403383,4723805,0
West Branch Tioughnioga R5,West Branch Tioughnioga R,787100,1987,404581,4726028,0
West Branch Tioughnioga R6,West Branch Tioughnioga R,787100,1987,407519,4731491,0
West Branch Tioughnioga R7,West Branch Tioughnioga R,787100,1987,407318,4733615,0
West Brook1,West Brook,711660,2011,459777,4720701,0
West Creek1,West Creek,810151,2010,308783,4709551,0
West Creek1,West Creek,815081,2015,306852,4706313,0
West Creek1,West Creek,816021,2016,306902,4706497,0
West Creek1,West Creek,892007,1992,309230,4710721,0
West Creek2,West Creek,711454,2011,472181,4739136,0
West Creek2,West Creek,810151,2010,306902,4706497,0
Whapanaka Brook3,Whapanaka Brook,711700,2011,457776,4715273,0
Wharton Creek1,Wharton Creek,407466,2007,491286,4706544,0
Wharton Creek2,Wharton Creek,407466,2007,487262,4712741,0
Wharton Creek3,Wharton Creek,408009,2008,487981,4738631,0
Wharton Creek4,Wharton Creek,408009,2008,486065,4734573,0
Wharton Creek7,Wharton Creek,408009,2008,480132,4726630,0
Wharton Creek8,Wharton Creek,408009,2008,478412,4724606,0
Wheaton Creek1,Wheaton Creek,409724,2009,481447,4694178,0
Wheeler Brook1,Wheeler Brook,705010,2005,440209,4685864,1
Wheeler Brook3,Wheeler Brook,705010,2005,443369,4686146,1
Whisky Creek1,Whisky Creek,892008,1992,331431,4663921,1
Whisky Creek2,Whisky Creek,892008,1992,331331,4662821,0
Whitney Brook1,Whitney Brook,409130,2009,509455,4709224,0
Willow Brook1,Willow Brook,409733,2009,478715,4682122,0
Willow Brook2,Willow Brook,409733,2009,479644,4680476,0
Willow Creek2,Willow Creek,707001,2007,393697,4690633,0
Wilson Creek1,Wilson Creek,793009,1993,402784,4677488,0
Wilson Creek2,Wilson Creek,793009,1993,403568,4677542,0
Wylie Brook1,Wylie Brook,705030,2005,447141,4682022,0
Wylie Brook1,Wylie Brook,715018,2015,448877,4671304,0
Wylie Brook1,Wylie Brook,721011,2021,447122,4682012,0
Wylie Brook1,Wylie Brook,725025,2025,448466,4675744,0
Wylie Brook1,Wylie Brook,787004,1987,449024,4671210,0
Wylie Brook2,Wylie Brook,705030,2005,447167,4682310,0
Wylie Brook2,Wylie Brook,715018,2015,447279,4678829,0
Wylie Brook2,Wylie Brook,721011,2021,446831,4680112,0
Wylie Brook2,Wylie Brook,724024,2024,446774,4679944,0
Wylie Brook2,Wylie Brook,787004,1987,448340,4675958,0
Wylie Brook3,Wylie Brook,787004,1987,447582,4678455,0
Wylie Brook4,Wylie Brook,787004,1987,446759,4679974,0
Wylie Brook5,Wylie Brook,787004,1987,447139,4681758,0
Yaleville Brook1,Yaleville Brook,711015,2011,457244,4693329,0
Yaleville Brook1,Yaleville Brook,712040,2012,457244,4693329,0
Yaleville Brook3,Yaleville Brook,712040,2012,457157,4691591,0
Yaleville Brook4,Yaleville Brook,712040,2012,459426,4688572,0
